position_id_fk,player_id_fk,game
0,0,fifa13
1,0,fifa13
2,0,fifa13
3,1,fifa13
4,1,fifa13
1,1,fifa13
5,1,fifa13
1,2,fifa13
4,3,fifa13
5,3,fifa13
6,4,fifa13
7,4,fifa13
6,5,fifa13
3,5,fifa13
7,5,fifa13
1,6,fifa13
1,7,fifa13
0,7,fifa13
7,8,fifa13
5,8,fifa13
4,8,fifa13
8,9,fifa13
1,10,fifa13
7,11,fifa13
4,11,fifa13
5,11,fifa13
6,11,fifa13
1,12,fifa13
0,12,fifa13
7,12,fifa13
9,13,fifa13
6,14,fifa13
10,14,fifa13
5,14,fifa13
4,14,fifa13
11,15,fifa13
12,15,fifa13
0,16,fifa13
1,16,fifa13
7,16,fifa13
5,17,fifa13
4,17,fifa13
2,17,fifa13
3,17,fifa13
6,18,fifa13
10,18,fifa13
7,18,fifa13
8,19,fifa13
5,20,fifa13
4,20,fifa13
7,21,fifa13
4,21,fifa13
5,21,fifa13
0,22,fifa13
1,22,fifa13
0,23,fifa13
3,23,fifa13
8,24,fifa13
9,25,fifa13
6,26,fifa13
7,26,fifa13
10,26,fifa13
0,26,fifa13
9,27,fifa13
11,27,fifa13
9,28,fifa13
1,29,fifa13
1,30,fifa13
0,30,fifa13
7,30,fifa13
7,31,fifa13
6,31,fifa13
4,31,fifa13
5,31,fifa13
9,32,fifa13
6,33,fifa13
10,33,fifa13
10,34,fifa13
6,34,fifa13
7,34,fifa13
7,35,fifa13
4,35,fifa13
5,35,fifa13
6,35,fifa13
10,36,fifa13
6,36,fifa13
1,37,fifa13
0,37,fifa13
4,38,fifa13
7,38,fifa13
5,38,fifa13
6,39,fifa13
10,39,fifa13
7,39,fifa13
9,40,fifa13
10,40,fifa13
6,41,fifa13
10,41,fifa13
7,42,fifa13
6,42,fifa13
8,43,fifa13
1,44,fifa13
6,45,fifa13
7,45,fifa13
10,45,fifa13
7,46,fifa13
4,46,fifa13
2,47,fifa13
7,47,fifa13
5,47,fifa13
0,47,fifa13
9,48,fifa13
10,48,fifa13
6,48,fifa13
9,49,fifa13
12,49,fifa13
9,50,fifa13
10,51,fifa13
6,51,fifa13
9,52,fifa13
11,52,fifa13
5,53,fifa13
7,53,fifa13
0,53,fifa13
2,54,fifa13
3,54,fifa13
4,55,fifa13
5,55,fifa13
7,55,fifa13
7,56,fifa13
6,56,fifa13
10,56,fifa13
1,57,fifa13
7,58,fifa13
6,58,fifa13
10,59,fifa13
6,59,fifa13
6,60,fifa13
7,60,fifa13
10,60,fifa13
8,61,fifa13
1,62,fifa13
0,62,fifa13
7,63,fifa13
4,63,fifa13
5,63,fifa13
3,64,fifa13
1,64,fifa13
9,65,fifa13
12,65,fifa13
5,66,fifa13
2,66,fifa13
1,66,fifa13
7,66,fifa13
8,67,fifa13
1,68,fifa13
0,68,fifa13
11,69,fifa13
2,69,fifa13
4,70,fifa13
7,70,fifa13
5,70,fifa13
3,70,fifa13
8,71,fifa13
5,72,fifa13
4,72,fifa13
7,73,fifa13
5,73,fifa13
8,74,fifa13
9,75,fifa13
10,75,fifa13
1,76,fifa13
0,76,fifa13
3,76,fifa13
8,77,fifa13
8,78,fifa13
7,79,fifa13
0,79,fifa13
6,79,fifa13
12,80,fifa13
1,81,fifa13
0,82,fifa13
7,82,fifa13
1,82,fifa13
7,83,fifa13
6,83,fifa13
4,83,fifa13
1,83,fifa13
8,84,fifa13
1,85,fifa13
3,85,fifa13
2,86,fifa13
1,86,fifa13
7,87,fifa13
0,87,fifa13
4,87,fifa13
1,88,fifa13
2,89,fifa13
3,89,fifa13
0,89,fifa13
7,89,fifa13
9,90,fifa13
1,91,fifa13
0,91,fifa13
1,92,fifa13
9,93,fifa13
11,93,fifa13
10,94,fifa13
9,94,fifa13
6,94,fifa13
7,95,fifa13
2,95,fifa13
6,95,fifa13
0,95,fifa13
5,96,fifa13
7,97,fifa13
0,97,fifa13
2,97,fifa13
8,98,fifa13
8,99,fifa13
6,100,fifa13
7,100,fifa13
1,101,fifa13
6,102,fifa13
10,102,fifa13
10,103,fifa13
6,103,fifa13
9,103,fifa13
9,104,fifa13
12,104,fifa13
1,105,fifa13
8,106,fifa13
1,107,fifa13
0,107,fifa13
1,108,fifa13
7,109,fifa13
0,109,fifa13
3,110,fifa13
1,110,fifa13
2,110,fifa13
0,110,fifa13
1,111,fifa13
3,111,fifa13
8,112,fifa13
1,113,fifa13
8,114,fifa13
9,115,fifa13
7,116,fifa13
6,116,fifa13
9,117,fifa13
0,118,fifa13
7,118,fifa13
1,118,fifa13
9,119,fifa13
9,120,fifa13
12,120,fifa13
1,121,fifa13
5,122,fifa13
2,123,fifa13
3,123,fifa13
7,123,fifa13
9,124,fifa13
12,124,fifa13
3,125,fifa13
0,125,fifa13
2,125,fifa13
6,126,fifa13
10,126,fifa13
7,126,fifa13
12,127,fifa13
3,127,fifa13
7,128,fifa13
5,128,fifa13
6,129,fifa13
10,129,fifa13
7,129,fifa13
9,130,fifa13
9,131,fifa13
9,132,fifa13
3,133,fifa13
7,133,fifa13
1,133,fifa13
9,134,fifa13
11,134,fifa13
12,134,fifa13
1,135,fifa13
1,136,fifa13
8,137,fifa13
6,138,fifa13
10,138,fifa13
9,139,fifa13
11,139,fifa13
10,140,fifa13
6,140,fifa13
11,140,fifa13
5,140,fifa13
7,141,fifa13
1,142,fifa13
0,142,fifa13
7,143,fifa13
0,143,fifa13
5,143,fifa13
12,144,fifa13
4,144,fifa13
11,145,fifa13
9,146,fifa13
12,146,fifa13
9,147,fifa13
2,148,fifa13
7,148,fifa13
6,149,fifa13
7,149,fifa13
8,150,fifa13
9,151,fifa13
7,152,fifa13
5,152,fifa13
2,152,fifa13
12,153,fifa13
0,154,fifa13
1,154,fifa13
7,154,fifa13
3,154,fifa13
1,155,fifa13
0,155,fifa13
6,156,fifa13
1,157,fifa13
4,158,fifa13
5,158,fifa13
10,159,fifa13
6,159,fifa13
8,160,fifa13
1,161,fifa13
8,162,fifa13
10,163,fifa13
6,163,fifa13
6,164,fifa13
10,164,fifa13
12,165,fifa13
1,166,fifa13
1,167,fifa13
5,168,fifa13
7,168,fifa13
2,168,fifa13
6,169,fifa13
10,169,fifa13
1,170,fifa13
0,170,fifa13
7,171,fifa13
6,172,fifa13
10,172,fifa13
8,173,fifa13
8,174,fifa13
7,175,fifa13
3,176,fifa13
7,176,fifa13
1,176,fifa13
1,177,fifa13
9,178,fifa13
10,178,fifa13
8,179,fifa13
7,180,fifa13
4,180,fifa13
10,181,fifa13
6,181,fifa13
7,182,fifa13
6,182,fifa13
1,183,fifa13
8,184,fifa13
7,185,fifa13
5,185,fifa13
10,186,fifa13
12,186,fifa13
9,186,fifa13
6,187,fifa13
5,187,fifa13
10,187,fifa13
5,188,fifa13
7,188,fifa13
9,189,fifa13
4,190,fifa13
7,190,fifa13
5,190,fifa13
9,191,fifa13
12,191,fifa13
9,192,fifa13
11,192,fifa13
5,192,fifa13
8,193,fifa13
9,194,fifa13
1,195,fifa13
0,195,fifa13
3,195,fifa13
10,196,fifa13
6,196,fifa13
1,197,fifa13
0,197,fifa13
2,197,fifa13
10,198,fifa13
6,199,fifa13
10,199,fifa13
3,200,fifa13
2,200,fifa13
7,200,fifa13
0,201,fifa13
1,201,fifa13
4,202,fifa13
10,203,fifa13
5,204,fifa13
6,204,fifa13
12,205,fifa13
10,206,fifa13
6,206,fifa13
6,207,fifa13
10,207,fifa13
2,208,fifa13
0,208,fifa13
1,208,fifa13
7,208,fifa13
6,209,fifa13
7,209,fifa13
9,210,fifa13
10,210,fifa13
8,211,fifa13
9,212,fifa13
5,213,fifa13
2,214,fifa13
5,214,fifa13
1,214,fifa13
12,215,fifa13
7,216,fifa13
5,216,fifa13
4,216,fifa13
0,216,fifa13
7,217,fifa13
6,217,fifa13
10,217,fifa13
2,218,fifa13
5,218,fifa13
3,218,fifa13
1,219,fifa13
1,220,fifa13
9,221,fifa13
12,221,fifa13
12,222,fifa13
3,223,fifa13
1,223,fifa13
5,224,fifa13
11,224,fifa13
10,225,fifa13
11,226,fifa13
12,226,fifa13
6,227,fifa13
4,228,fifa13
3,228,fifa13
5,228,fifa13
8,229,fifa13
9,230,fifa13
5,231,fifa13
6,231,fifa13
4,231,fifa13
9,232,fifa13
1,233,fifa13
0,233,fifa13
8,234,fifa13
7,235,fifa13
6,235,fifa13
6,236,fifa13
10,236,fifa13
1,237,fifa13
0,237,fifa13
2,237,fifa13
9,238,fifa13
8,239,fifa13
5,240,fifa13
11,240,fifa13
6,241,fifa13
10,241,fifa13
10,242,fifa13
6,242,fifa13
1,243,fifa13
0,243,fifa13
1,244,fifa13
10,245,fifa13
9,246,fifa13
9,247,fifa13
10,248,fifa13
11,248,fifa13
6,248,fifa13
9,249,fifa13
11,249,fifa13
1,250,fifa13
0,250,fifa13
3,251,fifa13
8,252,fifa13
1,253,fifa13
6,254,fifa13
10,254,fifa13
8,255,fifa13
11,256,fifa13
7,257,fifa13
7,258,fifa13
5,258,fifa13
4,258,fifa13
1,259,fifa13
5,260,fifa13
7,260,fifa13
6,260,fifa13
4,261,fifa13
3,261,fifa13
0,261,fifa13
1,261,fifa13
8,262,fifa13
8,263,fifa13
9,264,fifa13
10,265,fifa13
6,265,fifa13
1,266,fifa13
0,266,fifa13
6,267,fifa13
8,268,fifa13
2,269,fifa13
7,269,fifa13
5,269,fifa13
4,269,fifa13
9,270,fifa13
6,271,fifa13
7,271,fifa13
10,271,fifa13
1,272,fifa13
2,272,fifa13
9,273,fifa13
10,274,fifa13
6,274,fifa13
4,275,fifa13
6,275,fifa13
7,275,fifa13
8,276,fifa13
8,277,fifa13
0,278,fifa13
1,278,fifa13
10,279,fifa13
9,280,fifa13
12,280,fifa13
5,281,fifa13
4,281,fifa13
1,282,fifa13
0,282,fifa13
1,283,fifa13
9,284,fifa13
10,284,fifa13
1,285,fifa13
1,286,fifa13
5,287,fifa13
2,287,fifa13
0,287,fifa13
7,288,fifa13
0,288,fifa13
3,289,fifa13
8,290,fifa13
9,291,fifa13
8,292,fifa13
5,293,fifa13
1,293,fifa13
4,293,fifa13
9,294,fifa13
1,295,fifa13
2,295,fifa13
12,296,fifa13
4,296,fifa13
10,296,fifa13
10,297,fifa13
6,297,fifa13
3,298,fifa13
2,298,fifa13
1,298,fifa13
4,299,fifa13
5,299,fifa13
6,299,fifa13
7,300,fifa13
9,301,fifa13
5,302,fifa13
11,302,fifa13
6,302,fifa13
2,302,fifa13
9,303,fifa13
9,304,fifa13
10,305,fifa13
11,306,fifa13
9,307,fifa13
9,308,fifa13
4,309,fifa13
7,309,fifa13
3,309,fifa13
0,309,fifa13
9,310,fifa13
7,311,fifa13
4,311,fifa13
4,312,fifa13
12,312,fifa13
5,313,fifa13
9,314,fifa13
6,315,fifa13
10,315,fifa13
11,316,fifa13
8,317,fifa13
7,318,fifa13
5,318,fifa13
2,318,fifa13
7,319,fifa13
0,319,fifa13
6,319,fifa13
6,320,fifa13
10,320,fifa13
7,321,fifa13
2,321,fifa13
3,322,fifa13
7,322,fifa13
1,323,fifa13
7,324,fifa13
1,325,fifa13
3,325,fifa13
8,326,fifa13
6,327,fifa13
10,327,fifa13
7,328,fifa13
4,328,fifa13
8,329,fifa13
1,330,fifa13
0,330,fifa13
1,331,fifa13
0,331,fifa13
1,332,fifa13
9,333,fifa13
9,334,fifa13
10,334,fifa13
9,335,fifa13
8,336,fifa13
1,337,fifa13
9,338,fifa13
9,339,fifa13
1,340,fifa13
0,340,fifa13
4,341,fifa13
5,341,fifa13
1,342,fifa13
4,343,fifa13
3,343,fifa13
6,344,fifa13
8,345,fifa13
10,346,fifa13
6,346,fifa13
7,347,fifa13
6,347,fifa13
10,348,fifa13
6,348,fifa13
9,349,fifa13
12,349,fifa13
10,349,fifa13
6,349,fifa13
8,350,fifa13
6,351,fifa13
10,351,fifa13
8,352,fifa13
9,353,fifa13
7,354,fifa13
4,354,fifa13
6,354,fifa13
1,355,fifa13
2,356,fifa13
3,356,fifa13
1,357,fifa13
12,358,fifa13
6,358,fifa13
4,358,fifa13
10,358,fifa13
10,359,fifa13
6,359,fifa13
3,360,fifa13
0,360,fifa13
7,361,fifa13
6,361,fifa13
5,362,fifa13
4,362,fifa13
7,362,fifa13
5,363,fifa13
2,363,fifa13
7,364,fifa13
6,364,fifa13
4,364,fifa13
5,364,fifa13
3,365,fifa13
1,365,fifa13
9,366,fifa13
12,366,fifa13
1,367,fifa13
7,367,fifa13
2,367,fifa13
7,368,fifa13
6,368,fifa13
4,369,fifa13
7,369,fifa13
8,370,fifa13
4,371,fifa13
12,371,fifa13
11,372,fifa13
9,373,fifa13
5,374,fifa13
4,374,fifa13
6,374,fifa13
11,374,fifa13
4,375,fifa13
5,375,fifa13
7,375,fifa13
1,376,fifa13
3,376,fifa13
2,376,fifa13
10,377,fifa13
8,378,fifa13
1,379,fifa13
0,379,fifa13
4,379,fifa13
2,380,fifa13
0,380,fifa13
5,380,fifa13
10,381,fifa13
6,381,fifa13
1,382,fifa13
0,382,fifa13
9,383,fifa13
11,383,fifa13
12,383,fifa13
7,384,fifa13
0,384,fifa13
4,384,fifa13
1,385,fifa13
7,386,fifa13
10,386,fifa13
6,386,fifa13
0,386,fifa13
6,387,fifa13
7,387,fifa13
10,388,fifa13
9,388,fifa13
9,389,fifa13
9,390,fifa13
11,390,fifa13
4,391,fifa13
5,391,fifa13
5,392,fifa13
2,392,fifa13
7,392,fifa13
1,393,fifa13
3,393,fifa13
0,393,fifa13
9,394,fifa13
11,394,fifa13
4,395,fifa13
12,395,fifa13
6,395,fifa13
9,396,fifa13
3,397,fifa13
12,398,fifa13
13,398,fifa13
4,398,fifa13
4,399,fifa13
5,399,fifa13
0,399,fifa13
3,399,fifa13
8,400,fifa13
4,401,fifa13
3,401,fifa13
5,401,fifa13
11,402,fifa13
9,402,fifa13
9,403,fifa13
12,403,fifa13
7,404,fifa13
6,404,fifa13
10,404,fifa13
11,405,fifa13
5,405,fifa13
9,406,fifa13
5,407,fifa13
4,407,fifa13
12,408,fifa13
9,408,fifa13
10,409,fifa13
6,409,fifa13
7,410,fifa13
4,410,fifa13
5,410,fifa13
9,411,fifa13
8,412,fifa13
2,413,fifa13
7,413,fifa13
1,414,fifa13
0,414,fifa13
11,415,fifa13
6,416,fifa13
10,416,fifa13
10,417,fifa13
9,417,fifa13
0,418,fifa13
2,418,fifa13
11,419,fifa13
7,420,fifa13
6,420,fifa13
4,420,fifa13
8,421,fifa13
6,422,fifa13
4,422,fifa13
10,422,fifa13
4,423,fifa13
7,424,fifa13
6,424,fifa13
5,425,fifa13
4,425,fifa13
7,426,fifa13
6,426,fifa13
8,427,fifa13
3,428,fifa13
7,428,fifa13
6,429,fifa13
10,429,fifa13
7,429,fifa13
3,430,fifa13
2,430,fifa13
7,430,fifa13
11,431,fifa13
5,431,fifa13
8,432,fifa13
9,433,fifa13
1,434,fifa13
10,435,fifa13
6,435,fifa13
11,436,fifa13
12,436,fifa13
0,437,fifa13
2,437,fifa13
3,437,fifa13
7,437,fifa13
10,438,fifa13
6,438,fifa13
8,439,fifa13
11,440,fifa13
13,440,fifa13
10,441,fifa13
6,441,fifa13
4,441,fifa13
9,442,fifa13
6,443,fifa13
10,443,fifa13
1,444,fifa13
0,444,fifa13
8,445,fifa13
9,446,fifa13
12,446,fifa13
8,447,fifa13
1,448,fifa13
0,448,fifa13
7,449,fifa13
6,449,fifa13
9,450,fifa13
7,451,fifa13
6,451,fifa13
7,452,fifa13
10,453,fifa13
8,454,fifa13
1,455,fifa13
8,456,fifa13
1,457,fifa13
0,457,fifa13
4,458,fifa13
12,458,fifa13
9,459,fifa13
4,460,fifa13
7,460,fifa13
9,461,fifa13
3,462,fifa13
7,462,fifa13
2,462,fifa13
3,463,fifa13
2,463,fifa13
0,463,fifa13
1,463,fifa13
1,464,fifa13
0,464,fifa13
1,465,fifa13
9,466,fifa13
9,467,fifa13
8,468,fifa13
9,469,fifa13
11,470,fifa13
9,470,fifa13
6,470,fifa13
10,470,fifa13
4,471,fifa13
12,471,fifa13
11,471,fifa13
8,472,fifa13
10,473,fifa13
11,473,fifa13
6,473,fifa13
10,474,fifa13
9,475,fifa13
10,476,fifa13
6,476,fifa13
10,477,fifa13
6,477,fifa13
1,478,fifa13
9,479,fifa13
11,479,fifa13
5,480,fifa13
7,481,fifa13
4,481,fifa13
0,481,fifa13
9,482,fifa13
11,482,fifa13
1,483,fifa13
7,484,fifa13
6,484,fifa13
4,484,fifa13
10,484,fifa13
11,485,fifa13
12,485,fifa13
7,486,fifa13
4,486,fifa13
12,487,fifa13
7,488,fifa13
6,488,fifa13
10,488,fifa13
5,488,fifa13
10,489,fifa13
6,489,fifa13
10,490,fifa13
6,490,fifa13
6,491,fifa13
10,491,fifa13
6,492,fifa13
10,492,fifa13
7,492,fifa13
7,493,fifa13
1,493,fifa13
6,493,fifa13
8,494,fifa13
12,495,fifa13
12,496,fifa13
4,496,fifa13
9,497,fifa13
10,497,fifa13
9,498,fifa13
9,499,fifa13
12,499,fifa13
11,499,fifa13
10,500,fifa13
6,500,fifa13
8,501,fifa13
3,502,fifa13
4,502,fifa13
7,502,fifa13
0,502,fifa13
6,503,fifa13
10,503,fifa13
5,503,fifa13
8,504,fifa13
9,505,fifa13
1,506,fifa13
6,507,fifa13
7,507,fifa13
1,508,fifa13
5,508,fifa13
0,508,fifa13
7,508,fifa13
7,509,fifa13
4,509,fifa13
5,509,fifa13
2,510,fifa13
1,510,fifa13
6,511,fifa13
12,512,fifa13
6,512,fifa13
4,512,fifa13
2,513,fifa13
5,513,fifa13
0,513,fifa13
1,513,fifa13
12,514,fifa13
13,514,fifa13
12,515,fifa13
9,516,fifa13
1,517,fifa13
9,518,fifa13
11,518,fifa13
1,519,fifa13
5,520,fifa13
0,521,fifa13
1,521,fifa13
3,521,fifa13
2,521,fifa13
7,522,fifa13
6,522,fifa13
4,522,fifa13
4,523,fifa13
1,524,fifa13
8,525,fifa13
3,526,fifa13
4,526,fifa13
7,526,fifa13
8,527,fifa13
12,528,fifa13
4,528,fifa13
11,528,fifa13
6,529,fifa13
1,530,fifa13
0,530,fifa13
7,531,fifa13
0,531,fifa13
6,531,fifa13
5,531,fifa13
10,532,fifa13
6,532,fifa13
9,533,fifa13
10,534,fifa13
1,535,fifa13
8,536,fifa13
9,537,fifa13
8,538,fifa13
9,539,fifa13
8,540,fifa13
6,541,fifa13
10,542,fifa13
6,542,fifa13
5,543,fifa13
11,543,fifa13
4,544,fifa13
3,544,fifa13
6,544,fifa13
1,545,fifa13
0,545,fifa13
9,546,fifa13
1,547,fifa13
0,547,fifa13
7,547,fifa13
1,548,fifa13
0,548,fifa13
7,548,fifa13
1,549,fifa13
9,550,fifa13
8,551,fifa13
8,552,fifa13
9,553,fifa13
10,554,fifa13
6,554,fifa13
7,555,fifa13
5,555,fifa13
6,555,fifa13
10,556,fifa13
6,556,fifa13
11,556,fifa13
11,557,fifa13
1,558,fifa13
2,558,fifa13
7,559,fifa13
0,559,fifa13
12,560,fifa13
8,561,fifa13
7,562,fifa13
0,562,fifa13
1,563,fifa13
1,564,fifa13
0,564,fifa13
3,564,fifa13
2,565,fifa13
8,566,fifa13
7,567,fifa13
6,567,fifa13
8,568,fifa13
11,569,fifa13
12,569,fifa13
9,569,fifa13
10,570,fifa13
6,570,fifa13
8,571,fifa13
9,572,fifa13
11,572,fifa13
7,573,fifa13
4,574,fifa13
7,574,fifa13
3,574,fifa13
8,575,fifa13
8,576,fifa13
9,577,fifa13
10,577,fifa13
6,577,fifa13
1,578,fifa13
3,578,fifa13
1,579,fifa13
2,579,fifa13
7,579,fifa13
3,579,fifa13
7,580,fifa13
6,580,fifa13
5,581,fifa13
2,581,fifa13
4,581,fifa13
3,581,fifa13
7,582,fifa13
0,582,fifa13
3,582,fifa13
5,583,fifa13
4,583,fifa13
12,583,fifa13
6,584,fifa13
10,584,fifa13
9,585,fifa13
10,585,fifa13
6,586,fifa13
7,586,fifa13
10,586,fifa13
1,587,fifa13
9,588,fifa13
9,589,fifa13
11,589,fifa13
12,589,fifa13
9,590,fifa13
11,590,fifa13
12,590,fifa13
9,591,fifa13
11,591,fifa13
9,592,fifa13
7,593,fifa13
4,593,fifa13
0,594,fifa13
5,594,fifa13
4,594,fifa13
6,595,fifa13
7,595,fifa13
5,595,fifa13
10,595,fifa13
1,596,fifa13
9,597,fifa13
11,597,fifa13
12,597,fifa13
9,598,fifa13
1,599,fifa13
9,600,fifa13
11,600,fifa13
5,601,fifa13
11,601,fifa13
10,601,fifa13
6,602,fifa13
5,602,fifa13
1,603,fifa13
0,603,fifa13
4,604,fifa13
7,604,fifa13
1,605,fifa13
0,605,fifa13
6,606,fifa13
7,606,fifa13
10,606,fifa13
4,606,fifa13
1,607,fifa13
3,607,fifa13
11,608,fifa13
12,608,fifa13
9,608,fifa13
9,609,fifa13
12,609,fifa13
11,610,fifa13
7,611,fifa13
5,611,fifa13
4,611,fifa13
0,611,fifa13
1,612,fifa13
2,612,fifa13
9,613,fifa13
2,614,fifa13
1,614,fifa13
0,614,fifa13
5,614,fifa13
2,615,fifa13
3,615,fifa13
5,615,fifa13
2,616,fifa13
3,616,fifa13
4,617,fifa13
5,617,fifa13
7,618,fifa13
5,618,fifa13
4,618,fifa13
0,618,fifa13
10,619,fifa13
6,619,fifa13
6,620,fifa13
10,620,fifa13
7,620,fifa13
0,621,fifa13
7,621,fifa13
6,621,fifa13
5,621,fifa13
7,622,fifa13
6,622,fifa13
10,623,fifa13
6,623,fifa13
6,624,fifa13
2,625,fifa13
3,625,fifa13
7,625,fifa13
10,626,fifa13
6,626,fifa13
1,627,fifa13
0,627,fifa13
0,628,fifa13
3,628,fifa13
7,628,fifa13
7,629,fifa13
6,630,fifa13
4,630,fifa13
5,630,fifa13
9,631,fifa13
3,632,fifa13
7,632,fifa13
9,633,fifa13
10,633,fifa13
6,633,fifa13
6,634,fifa13
4,634,fifa13
3,634,fifa13
7,634,fifa13
2,635,fifa13
9,636,fifa13
10,636,fifa13
11,636,fifa13
9,637,fifa13
1,638,fifa13
2,638,fifa13
8,639,fifa13
2,640,fifa13
7,641,fifa13
4,641,fifa13
1,642,fifa13
3,642,fifa13
6,643,fifa13
7,643,fifa13
5,643,fifa13
12,644,fifa13
9,645,fifa13
7,646,fifa13
3,646,fifa13
2,646,fifa13
4,646,fifa13
10,647,fifa13
6,647,fifa13
4,648,fifa13
0,648,fifa13
1,649,fifa13
10,650,fifa13
9,650,fifa13
6,650,fifa13
1,651,fifa13
9,652,fifa13
0,653,fifa13
4,653,fifa13
5,653,fifa13
10,654,fifa13
6,654,fifa13
10,655,fifa13
6,655,fifa13
7,656,fifa13
6,656,fifa13
7,657,fifa13
6,657,fifa13
5,658,fifa13
6,658,fifa13
4,658,fifa13
7,658,fifa13
1,659,fifa13
6,660,fifa13
10,660,fifa13
7,660,fifa13
8,661,fifa13
1,662,fifa13
6,663,fifa13
10,663,fifa13
11,664,fifa13
5,665,fifa13
2,665,fifa13
1,665,fifa13
1,666,fifa13
3,667,fifa13
2,667,fifa13
6,668,fifa13
10,668,fifa13
11,669,fifa13
10,670,fifa13
6,670,fifa13
1,671,fifa13
1,672,fifa13
8,673,fifa13
9,674,fifa13
11,674,fifa13
4,675,fifa13
7,675,fifa13
5,675,fifa13
7,676,fifa13
2,676,fifa13
7,677,fifa13
4,678,fifa13
5,678,fifa13
7,678,fifa13
1,679,fifa13
3,679,fifa13
7,679,fifa13
9,680,fifa13
10,680,fifa13
12,681,fifa13
4,681,fifa13
2,682,fifa13
3,682,fifa13
7,682,fifa13
8,683,fifa13
12,684,fifa13
9,684,fifa13
4,684,fifa13
5,685,fifa13
4,685,fifa13
2,685,fifa13
5,686,fifa13
4,686,fifa13
7,686,fifa13
8,687,fifa13
9,688,fifa13
7,689,fifa13
1,689,fifa13
9,690,fifa13
12,690,fifa13
8,691,fifa13
9,692,fifa13
3,693,fifa13
2,693,fifa13
9,694,fifa13
4,695,fifa13
3,695,fifa13
5,695,fifa13
2,695,fifa13
1,696,fifa13
10,697,fifa13
6,697,fifa13
7,698,fifa13
7,699,fifa13
6,699,fifa13
0,699,fifa13
6,700,fifa13
7,700,fifa13
5,701,fifa13
4,701,fifa13
7,701,fifa13
8,702,fifa13
8,703,fifa13
10,704,fifa13
6,705,fifa13
10,705,fifa13
1,706,fifa13
9,707,fifa13
11,707,fifa13
10,707,fifa13
3,708,fifa13
2,708,fifa13
5,708,fifa13
6,709,fifa13
7,709,fifa13
10,709,fifa13
10,710,fifa13
6,710,fifa13
3,711,fifa13
1,711,fifa13
2,711,fifa13
1,712,fifa13
2,712,fifa13
7,713,fifa13
6,713,fifa13
4,713,fifa13
9,714,fifa13
10,714,fifa13
6,715,fifa13
10,715,fifa13
4,716,fifa13
12,716,fifa13
9,717,fifa13
1,718,fifa13
7,719,fifa13
9,720,fifa13
11,721,fifa13
8,722,fifa13
1,723,fifa13
3,723,fifa13
6,724,fifa13
4,725,fifa13
5,725,fifa13
7,725,fifa13
7,726,fifa13
6,726,fifa13
0,726,fifa13
5,726,fifa13
11,727,fifa13
13,727,fifa13
8,728,fifa13
7,729,fifa13
1,729,fifa13
3,729,fifa13
5,729,fifa13
12,730,fifa13
9,730,fifa13
9,731,fifa13
8,732,fifa13
8,733,fifa13
1,734,fifa13
7,735,fifa13
1,735,fifa13
5,736,fifa13
6,736,fifa13
8,737,fifa13
9,738,fifa13
11,738,fifa13
1,739,fifa13
9,740,fifa13
9,741,fifa13
1,742,fifa13
7,743,fifa13
5,743,fifa13
11,744,fifa13
1,745,fifa13
8,746,fifa13
0,747,fifa13
7,747,fifa13
5,747,fifa13
1,747,fifa13
4,748,fifa13
3,748,fifa13
6,749,fifa13
10,749,fifa13
4,749,fifa13
5,749,fifa13
8,750,fifa13
10,751,fifa13
6,751,fifa13
9,751,fifa13
1,752,fifa13
0,752,fifa13
12,753,fifa13
1,754,fifa13
10,755,fifa13
6,755,fifa13
9,756,fifa13
7,757,fifa13
6,757,fifa13
9,758,fifa13
12,758,fifa13
4,758,fifa13
3,759,fifa13
0,759,fifa13
4,759,fifa13
7,759,fifa13
7,760,fifa13
4,760,fifa13
9,761,fifa13
11,762,fifa13
5,763,fifa13
4,763,fifa13
6,764,fifa13
10,764,fifa13
1,765,fifa13
0,765,fifa13
3,765,fifa13
6,766,fifa13
10,766,fifa13
12,767,fifa13
4,767,fifa13
10,768,fifa13
6,768,fifa13
9,768,fifa13
7,769,fifa13
4,769,fifa13
6,769,fifa13
9,770,fifa13
10,770,fifa13
10,771,fifa13
6,771,fifa13
5,772,fifa13
4,772,fifa13
1,773,fifa13
0,773,fifa13
4,774,fifa13
3,774,fifa13
9,775,fifa13
7,776,fifa13
6,776,fifa13
5,777,fifa13
4,777,fifa13
9,778,fifa13
9,779,fifa13
8,780,fifa13
1,781,fifa13
0,781,fifa13
2,781,fifa13
7,782,fifa13
5,782,fifa13
4,782,fifa13
7,783,fifa13
0,783,fifa13
6,783,fifa13
7,784,fifa13
5,784,fifa13
6,784,fifa13
4,784,fifa13
1,785,fifa13
0,785,fifa13
9,786,fifa13
11,786,fifa13
10,786,fifa13
5,787,fifa13
7,787,fifa13
1,788,fifa13
0,788,fifa13
7,789,fifa13
6,789,fifa13
3,789,fifa13
2,789,fifa13
3,790,fifa13
2,790,fifa13
3,791,fifa13
2,791,fifa13
10,792,fifa13
6,792,fifa13
6,793,fifa13
10,793,fifa13
7,793,fifa13
10,794,fifa13
6,794,fifa13
5,794,fifa13
10,795,fifa13
6,795,fifa13
4,796,fifa13
3,796,fifa13
9,797,fifa13
11,797,fifa13
11,798,fifa13
6,798,fifa13
7,799,fifa13
2,799,fifa13
9,800,fifa13
10,801,fifa13
11,801,fifa13
5,801,fifa13
6,801,fifa13
5,802,fifa13
0,802,fifa13
2,802,fifa13
9,803,fifa13
4,804,fifa13
5,804,fifa13
9,805,fifa13
10,805,fifa13
11,805,fifa13
1,806,fifa13
7,806,fifa13
2,806,fifa13
3,806,fifa13
8,807,fifa13
9,808,fifa13
7,809,fifa13
6,809,fifa13
5,809,fifa13
4,809,fifa13
7,810,fifa13
2,810,fifa13
1,811,fifa13
11,812,fifa13
12,812,fifa13
1,813,fifa13
0,813,fifa13
5,813,fifa13
9,814,fifa13
10,814,fifa13
1,815,fifa13
0,815,fifa13
7,816,fifa13
5,816,fifa13
4,816,fifa13
7,817,fifa13
10,817,fifa13
6,817,fifa13
3,817,fifa13
10,818,fifa13
6,818,fifa13
6,819,fifa13
9,820,fifa13
10,821,fifa13
6,821,fifa13
1,822,fifa13
3,822,fifa13
4,822,fifa13
9,823,fifa13
0,824,fifa13
3,824,fifa13
2,824,fifa13
7,824,fifa13
10,825,fifa13
6,825,fifa13
11,826,fifa13
12,826,fifa13
6,827,fifa13
7,827,fifa13
2,828,fifa13
3,828,fifa13
10,829,fifa13
6,829,fifa13
8,830,fifa13
6,831,fifa13
10,831,fifa13
3,832,fifa13
2,832,fifa13
1,833,fifa13
0,833,fifa13
6,834,fifa13
9,835,fifa13
10,835,fifa13
6,836,fifa13
10,836,fifa13
7,836,fifa13
10,837,fifa13
6,837,fifa13
9,838,fifa13
12,838,fifa13
11,838,fifa13
9,839,fifa13
6,840,fifa13
9,841,fifa13
10,841,fifa13
5,842,fifa13
2,842,fifa13
0,842,fifa13
11,843,fifa13
13,843,fifa13
6,844,fifa13
7,844,fifa13
10,844,fifa13
4,845,fifa13
6,845,fifa13
4,846,fifa13
7,847,fifa13
4,847,fifa13
9,848,fifa13
11,848,fifa13
11,849,fifa13
1,850,fifa13
9,851,fifa13
4,852,fifa13
3,852,fifa13
2,852,fifa13
0,853,fifa13
7,853,fifa13
4,853,fifa13
3,854,fifa13
4,854,fifa13
1,855,fifa13
0,856,fifa13
1,856,fifa13
7,856,fifa13
4,856,fifa13
1,857,fifa13
0,857,fifa13
10,858,fifa13
6,858,fifa13
5,858,fifa13
7,859,fifa13
5,859,fifa13
4,859,fifa13
10,860,fifa13
6,860,fifa13
11,861,fifa13
11,862,fifa13
12,862,fifa13
5,862,fifa13
7,863,fifa13
5,863,fifa13
1,864,fifa13
5,865,fifa13
11,865,fifa13
9,866,fifa13
8,867,fifa13
9,868,fifa13
1,869,fifa13
9,870,fifa13
10,870,fifa13
10,871,fifa13
6,871,fifa13
12,872,fifa13
3,873,fifa13
1,873,fifa13
2,874,fifa13
7,874,fifa13
10,875,fifa13
6,875,fifa13
0,876,fifa13
7,876,fifa13
6,877,fifa13
10,877,fifa13
7,877,fifa13
0,877,fifa13
8,878,fifa13
9,879,fifa13
11,879,fifa13
10,880,fifa13
6,880,fifa13
1,881,fifa13
10,882,fifa13
6,882,fifa13
1,883,fifa13
1,884,fifa13
8,885,fifa13
1,886,fifa13
9,887,fifa13
12,887,fifa13
13,887,fifa13
7,888,fifa13
6,888,fifa13
2,888,fifa13
8,889,fifa13
5,890,fifa13
4,890,fifa13
7,890,fifa13
9,891,fifa13
8,892,fifa13
11,893,fifa13
6,894,fifa13
4,894,fifa13
5,894,fifa13
7,894,fifa13
8,895,fifa13
7,896,fifa13
2,896,fifa13
12,897,fifa13
3,897,fifa13
4,897,fifa13
9,898,fifa13
11,898,fifa13
10,899,fifa13
6,899,fifa13
9,900,fifa13
6,901,fifa13
10,901,fifa13
12,901,fifa13
1,902,fifa13
9,903,fifa13
1,904,fifa13
0,904,fifa13
9,905,fifa13
9,906,fifa13
6,907,fifa13
3,908,fifa13
2,908,fifa13
6,909,fifa13
10,909,fifa13
11,910,fifa13
5,910,fifa13
12,910,fifa13
1,911,fifa13
5,912,fifa13
4,912,fifa13
7,912,fifa13
1,913,fifa13
6,914,fifa13
7,914,fifa13
10,914,fifa13
9,915,fifa13
7,916,fifa13
4,916,fifa13
9,917,fifa13
5,918,fifa13
6,918,fifa13
4,918,fifa13
1,919,fifa13
0,919,fifa13
8,920,fifa13
8,921,fifa13
1,922,fifa13
5,923,fifa13
7,923,fifa13
6,923,fifa13
6,924,fifa13
10,924,fifa13
7,924,fifa13
10,925,fifa13
6,925,fifa13
1,926,fifa13
10,927,fifa13
6,927,fifa13
6,928,fifa13
10,928,fifa13
1,929,fifa13
0,929,fifa13
1,930,fifa13
0,930,fifa13
9,931,fifa13
10,931,fifa13
12,932,fifa13
4,932,fifa13
7,932,fifa13
10,932,fifa13
1,933,fifa13
5,934,fifa13
2,934,fifa13
0,934,fifa13
5,935,fifa13
0,935,fifa13
2,935,fifa13
9,936,fifa13
10,936,fifa13
10,937,fifa13
6,937,fifa13
8,938,fifa13
7,939,fifa13
4,939,fifa13
10,940,fifa13
6,941,fifa13
7,941,fifa13
10,941,fifa13
7,942,fifa13
2,942,fifa13
9,943,fifa13
10,943,fifa13
11,943,fifa13
10,944,fifa13
9,944,fifa13
6,944,fifa13
1,945,fifa13
9,946,fifa13
1,947,fifa13
0,947,fifa13
1,948,fifa13
3,948,fifa13
4,948,fifa13
6,949,fifa13
4,949,fifa13
5,949,fifa13
7,949,fifa13
10,950,fifa13
6,950,fifa13
6,951,fifa13
9,952,fifa13
9,953,fifa13
7,954,fifa13
5,954,fifa13
6,954,fifa13
4,954,fifa13
10,955,fifa13
6,955,fifa13
8,956,fifa13
1,957,fifa13
0,957,fifa13
6,958,fifa13
10,958,fifa13
9,959,fifa13
11,959,fifa13
5,959,fifa13
12,960,fifa13
11,960,fifa13
7,961,fifa13
5,961,fifa13
11,962,fifa13
12,962,fifa13
5,962,fifa13
7,963,fifa13
6,963,fifa13
2,963,fifa13
9,964,fifa13
11,964,fifa13
1,965,fifa13
4,966,fifa13
5,966,fifa13
8,967,fifa13
10,968,fifa13
11,968,fifa13
5,968,fifa13
6,968,fifa13
6,969,fifa13
8,970,fifa13
8,971,fifa13
8,972,fifa13
11,973,fifa13
4,974,fifa13
6,974,fifa13
3,974,fifa13
6,975,fifa13
10,975,fifa13
1,976,fifa13
8,977,fifa13
9,978,fifa13
11,978,fifa13
8,979,fifa13
9,980,fifa13
4,981,fifa13
5,981,fifa13
3,981,fifa13
2,981,fifa13
6,982,fifa13
10,982,fifa13
7,982,fifa13
0,983,fifa13
3,983,fifa13
2,983,fifa13
7,983,fifa13
7,984,fifa13
2,984,fifa13
12,985,fifa13
3,985,fifa13
8,986,fifa13
6,987,fifa13
4,988,fifa13
5,988,fifa13
9,989,fifa13
12,989,fifa13
13,989,fifa13
4,990,fifa13
6,990,fifa13
9,991,fifa13
8,992,fifa13
12,993,fifa13
3,994,fifa13
4,994,fifa13
9,995,fifa13
11,995,fifa13
10,995,fifa13
1,996,fifa13
6,997,fifa13
7,997,fifa13
10,997,fifa13
7,998,fifa13
1,998,fifa13
0,998,fifa13
11,999,fifa13
10,1000,fifa13
6,1000,fifa13
0,1001,fifa13
1,1001,fifa13
10,1002,fifa13
6,1002,fifa13
4,1003,fifa13
10,1004,fifa13
6,1004,fifa13
1,1005,fifa13
1,1006,fifa13
4,1006,fifa13
9,1007,fifa13
1,1008,fifa13
0,1008,fifa13
9,1009,fifa13
10,1010,fifa13
9,1011,fifa13
12,1011,fifa13
10,1012,fifa13
9,1013,fifa13
11,1013,fifa13
1,1014,fifa13
0,1014,fifa13
0,1015,fifa13
1,1015,fifa13
7,1015,fifa13
3,1015,fifa13
1,1016,fifa13
12,1017,fifa13
9,1018,fifa13
10,1018,fifa13
9,1019,fifa13
9,1020,fifa13
1,1021,fifa13
0,1021,fifa13
7,1021,fifa13
5,1021,fifa13
9,1022,fifa13
9,1023,fifa13
4,1024,fifa13
5,1024,fifa13
0,1024,fifa13
9,1025,fifa13
5,1026,fifa13
2,1026,fifa13
7,1026,fifa13
11,1027,fifa13
5,1027,fifa13
2,1028,fifa13
1,1028,fifa13
4,1029,fifa13
6,1030,fifa13
10,1030,fifa13
7,1031,fifa13
9,1032,fifa13
2,1033,fifa13
3,1033,fifa13
7,1033,fifa13
0,1033,fifa13
6,1034,fifa13
5,1034,fifa13
4,1034,fifa13
11,1034,fifa13
7,1035,fifa13
10,1036,fifa13
11,1036,fifa13
5,1036,fifa13
8,1037,fifa13
6,1038,fifa13
5,1038,fifa13
1,1039,fifa13
9,1040,fifa13
12,1041,fifa13
5,1042,fifa13
4,1042,fifa13
9,1043,fifa13
12,1044,fifa13
11,1044,fifa13
8,1045,fifa13
11,1046,fifa13
10,1047,fifa13
6,1047,fifa13
6,1048,fifa13
10,1048,fifa13
1,1049,fifa13
2,1049,fifa13
5,1050,fifa13
4,1050,fifa13
7,1050,fifa13
6,1050,fifa13
7,1051,fifa13
4,1051,fifa13
10,1052,fifa13
6,1052,fifa13
9,1053,fifa13
1,1054,fifa13
0,1054,fifa13
1,1055,fifa13
0,1055,fifa13
6,1056,fifa13
10,1056,fifa13
7,1056,fifa13
6,1057,fifa13
10,1057,fifa13
5,1058,fifa13
3,1059,fifa13
7,1059,fifa13
7,1060,fifa13
0,1060,fifa13
1,1060,fifa13
4,1061,fifa13
7,1061,fifa13
5,1061,fifa13
8,1062,fifa13
6,1063,fifa13
7,1063,fifa13
9,1064,fifa13
11,1064,fifa13
1,1065,fifa13
4,1066,fifa13
3,1066,fifa13
7,1066,fifa13
1,1066,fifa13
10,1067,fifa13
6,1067,fifa13
6,1068,fifa13
10,1068,fifa13
5,1068,fifa13
6,1069,fifa13
7,1069,fifa13
5,1070,fifa13
1,1071,fifa13
0,1071,fifa13
5,1072,fifa13
2,1072,fifa13
7,1073,fifa13
5,1073,fifa13
4,1073,fifa13
6,1073,fifa13
6,1074,fifa13
7,1074,fifa13
5,1074,fifa13
9,1075,fifa13
10,1075,fifa13
6,1075,fifa13
11,1075,fifa13
6,1076,fifa13
1,1077,fifa13
4,1077,fifa13
5,1077,fifa13
9,1078,fifa13
9,1079,fifa13
3,1080,fifa13
7,1080,fifa13
2,1080,fifa13
4,1080,fifa13
6,1081,fifa13
7,1082,fifa13
7,1083,fifa13
5,1083,fifa13
4,1083,fifa13
9,1084,fifa13
7,1085,fifa13
0,1085,fifa13
4,1086,fifa13
5,1086,fifa13
6,1086,fifa13
1,1087,fifa13
11,1088,fifa13
12,1088,fifa13
6,1089,fifa13
0,1090,fifa13
7,1090,fifa13
10,1091,fifa13
7,1091,fifa13
4,1091,fifa13
10,1091,fifa13
5,1092,fifa13
4,1092,fifa13
10,1093,fifa13
6,1093,fifa13
1,1094,fifa13
3,1094,fifa13
2,1094,fifa13
7,1095,fifa13
5,1095,fifa13
4,1095,fifa13
6,1095,fifa13
3,1096,fifa13
4,1096,fifa13
10,1097,fifa13
6,1097,fifa13
6,1098,fifa13
7,1098,fifa13
1,1099,fifa13
0,1099,fifa13
7,1100,fifa13
4,1100,fifa13
6,1100,fifa13
9,1101,fifa13
9,1102,fifa13
1,1103,fifa13
8,1104,fifa13
9,1105,fifa13
12,1105,fifa13
10,1105,fifa13
6,1106,fifa13
7,1106,fifa13
12,1107,fifa13
9,1107,fifa13
12,1108,fifa13
4,1108,fifa13
6,1108,fifa13
7,1109,fifa13
6,1109,fifa13
11,1110,fifa13
12,1110,fifa13
1,1111,fifa13
7,1111,fifa13
3,1111,fifa13
10,1112,fifa13
9,1112,fifa13
11,1112,fifa13
7,1113,fifa13
4,1113,fifa13
5,1113,fifa13
8,1114,fifa13
5,1115,fifa13
10,1115,fifa13
11,1115,fifa13
6,1116,fifa13
7,1116,fifa13
10,1116,fifa13
2,1116,fifa13
10,1117,fifa13
6,1117,fifa13
6,1118,fifa13
10,1118,fifa13
4,1119,fifa13
12,1119,fifa13
0,1119,fifa13
1,1120,fifa13
7,1120,fifa13
6,1121,fifa13
10,1121,fifa13
7,1121,fifa13
1,1122,fifa13
0,1122,fifa13
4,1122,fifa13
8,1123,fifa13
6,1124,fifa13
7,1124,fifa13
10,1124,fifa13
8,1125,fifa13
10,1126,fifa13
9,1126,fifa13
2,1127,fifa13
5,1127,fifa13
1,1128,fifa13
5,1128,fifa13
2,1129,fifa13
4,1130,fifa13
7,1130,fifa13
10,1131,fifa13
6,1131,fifa13
1,1132,fifa13
6,1133,fifa13
7,1133,fifa13
10,1133,fifa13
4,1133,fifa13
8,1134,fifa13
7,1135,fifa13
3,1135,fifa13
11,1136,fifa13
8,1137,fifa13
11,1138,fifa13
4,1139,fifa13
13,1139,fifa13
1,1140,fifa13
6,1141,fifa13
10,1141,fifa13
9,1142,fifa13
9,1143,fifa13
11,1143,fifa13
9,1144,fifa13
1,1145,fifa13
9,1146,fifa13
6,1147,fifa13
12,1147,fifa13
4,1147,fifa13
10,1148,fifa13
9,1149,fifa13
12,1149,fifa13
0,1150,fifa13
1,1150,fifa13
10,1151,fifa13
6,1151,fifa13
5,1151,fifa13
4,1151,fifa13
4,1152,fifa13
1,1153,fifa13
4,1154,fifa13
5,1154,fifa13
7,1154,fifa13
1,1155,fifa13
9,1156,fifa13
5,1157,fifa13
7,1157,fifa13
8,1158,fifa13
6,1159,fifa13
10,1159,fifa13
10,1160,fifa13
6,1160,fifa13
4,1160,fifa13
6,1161,fifa13
10,1161,fifa13
7,1161,fifa13
9,1162,fifa13
11,1162,fifa13
12,1163,fifa13
4,1164,fifa13
5,1164,fifa13
1,1165,fifa13
0,1165,fifa13
7,1166,fifa13
6,1166,fifa13
10,1166,fifa13
10,1167,fifa13
9,1167,fifa13
1,1168,fifa13
4,1168,fifa13
9,1169,fifa13
6,1170,fifa13
7,1170,fifa13
5,1170,fifa13
3,1170,fifa13
6,1171,fifa13
7,1171,fifa13
4,1171,fifa13
5,1171,fifa13
9,1172,fifa13
12,1172,fifa13
1,1173,fifa13
7,1174,fifa13
6,1174,fifa13
5,1174,fifa13
1,1175,fifa13
4,1176,fifa13
5,1176,fifa13
3,1176,fifa13
2,1176,fifa13
7,1177,fifa13
4,1177,fifa13
6,1177,fifa13
10,1178,fifa13
6,1178,fifa13
1,1179,fifa13
0,1179,fifa13
1,1180,fifa13
0,1180,fifa13
2,1180,fifa13
5,1180,fifa13
11,1181,fifa13
12,1182,fifa13
5,1183,fifa13
9,1184,fifa13
9,1185,fifa13
9,1186,fifa13
4,1187,fifa13
10,1187,fifa13
6,1187,fifa13
12,1187,fifa13
5,1188,fifa13
7,1188,fifa13
4,1188,fifa13
6,1189,fifa13
1,1190,fifa13
0,1190,fifa13
7,1191,fifa13
0,1191,fifa13
1,1192,fifa13
0,1192,fifa13
10,1193,fifa13
6,1194,fifa13
10,1194,fifa13
10,1195,fifa13
6,1195,fifa13
4,1196,fifa13
5,1196,fifa13
11,1196,fifa13
12,1196,fifa13
7,1197,fifa13
6,1197,fifa13
11,1198,fifa13
8,1199,fifa13
0,1200,fifa13
3,1200,fifa13
7,1200,fifa13
9,1201,fifa13
6,1202,fifa13
5,1202,fifa13
11,1202,fifa13
12,1202,fifa13
8,1203,fifa13
1,1204,fifa13
8,1205,fifa13
4,1206,fifa13
5,1206,fifa13
7,1206,fifa13
6,1207,fifa13
10,1207,fifa13
0,1208,fifa13
1,1208,fifa13
7,1208,fifa13
1,1209,fifa13
1,1210,fifa13
12,1211,fifa13
13,1211,fifa13
9,1212,fifa13
6,1213,fifa13
10,1213,fifa13
7,1213,fifa13
0,1214,fifa13
1,1214,fifa13
7,1214,fifa13
7,1215,fifa13
6,1215,fifa13
2,1215,fifa13
3,1215,fifa13
9,1216,fifa13
9,1217,fifa13
11,1218,fifa13
12,1218,fifa13
10,1219,fifa13
12,1219,fifa13
6,1219,fifa13
9,1219,fifa13
9,1220,fifa13
9,1221,fifa13
3,1222,fifa13
6,1223,fifa13
10,1223,fifa13
10,1224,fifa13
6,1224,fifa13
9,1224,fifa13
9,1225,fifa13
4,1226,fifa13
6,1226,fifa13
12,1226,fifa13
0,1227,fifa13
1,1227,fifa13
2,1227,fifa13
9,1228,fifa13
9,1229,fifa13
7,1230,fifa13
5,1230,fifa13
9,1231,fifa13
7,1232,fifa13
9,1233,fifa13
11,1233,fifa13
4,1234,fifa13
5,1234,fifa13
7,1234,fifa13
3,1234,fifa13
10,1235,fifa13
6,1235,fifa13
11,1235,fifa13
1,1236,fifa13
4,1236,fifa13
5,1236,fifa13
0,1236,fifa13
9,1237,fifa13
8,1238,fifa13
10,1239,fifa13
6,1239,fifa13
2,1240,fifa13
3,1240,fifa13
6,1241,fifa13
7,1241,fifa13
7,1242,fifa13
4,1242,fifa13
5,1242,fifa13
10,1243,fifa13
6,1243,fifa13
10,1244,fifa13
12,1245,fifa13
11,1245,fifa13
8,1246,fifa13
5,1247,fifa13
4,1247,fifa13
5,1248,fifa13
2,1248,fifa13
3,1248,fifa13
7,1248,fifa13
9,1249,fifa13
3,1250,fifa13
7,1250,fifa13
2,1250,fifa13
8,1251,fifa13
11,1252,fifa13
8,1253,fifa13
4,1254,fifa13
8,1255,fifa13
11,1256,fifa13
9,1256,fifa13
12,1256,fifa13
7,1257,fifa13
4,1257,fifa13
5,1257,fifa13
6,1257,fifa13
7,1258,fifa13
9,1259,fifa13
11,1259,fifa13
12,1259,fifa13
6,1260,fifa13
10,1260,fifa13
5,1260,fifa13
9,1261,fifa13
9,1262,fifa13
3,1263,fifa13
4,1263,fifa13
1,1264,fifa13
9,1265,fifa13
1,1266,fifa13
0,1266,fifa13
2,1267,fifa13
3,1267,fifa13
5,1267,fifa13
4,1267,fifa13
6,1268,fifa13
7,1268,fifa13
9,1269,fifa13
12,1269,fifa13
11,1269,fifa13
7,1270,fifa13
6,1270,fifa13
0,1270,fifa13
0,1271,fifa13
3,1271,fifa13
4,1271,fifa13
8,1272,fifa13
0,1273,fifa13
7,1273,fifa13
2,1273,fifa13
7,1274,fifa13
6,1274,fifa13
12,1275,fifa13
9,1275,fifa13
9,1276,fifa13
1,1277,fifa13
0,1277,fifa13
8,1278,fifa13
7,1279,fifa13
4,1279,fifa13
3,1279,fifa13
0,1279,fifa13
8,1280,fifa13
12,1281,fifa13
1,1282,fifa13
7,1283,fifa13
2,1283,fifa13
5,1283,fifa13
4,1283,fifa13
10,1284,fifa13
12,1285,fifa13
11,1285,fifa13
4,1286,fifa13
5,1286,fifa13
7,1286,fifa13
9,1287,fifa13
3,1288,fifa13
0,1288,fifa13
1,1288,fifa13
7,1288,fifa13
7,1289,fifa13
0,1289,fifa13
4,1289,fifa13
1,1290,fifa13
9,1291,fifa13
10,1291,fifa13
1,1292,fifa13
0,1292,fifa13
1,1293,fifa13
9,1294,fifa13
6,1295,fifa13
10,1295,fifa13
8,1296,fifa13
5,1297,fifa13
4,1297,fifa13
7,1297,fifa13
6,1297,fifa13
3,1298,fifa13
9,1299,fifa13
11,1299,fifa13
1,1300,fifa13
1,1301,fifa13
0,1301,fifa13
7,1301,fifa13
8,1302,fifa13
9,1303,fifa13
11,1304,fifa13
12,1304,fifa13
9,1305,fifa13
6,1306,fifa13
10,1306,fifa13
12,1307,fifa13
4,1307,fifa13
9,1308,fifa13
12,1308,fifa13
8,1309,fifa13
8,1310,fifa13
3,1311,fifa13
2,1311,fifa13
7,1311,fifa13
9,1312,fifa13
6,1313,fifa13
10,1313,fifa13
6,1314,fifa13
10,1314,fifa13
7,1314,fifa13
1,1315,fifa13
0,1315,fifa13
6,1316,fifa13
10,1316,fifa13
7,1317,fifa13
0,1317,fifa13
1,1317,fifa13
2,1317,fifa13
12,1318,fifa13
4,1318,fifa13
6,1319,fifa13
10,1319,fifa13
7,1319,fifa13
8,1320,fifa13
11,1321,fifa13
12,1321,fifa13
10,1322,fifa13
6,1322,fifa13
12,1323,fifa13
9,1323,fifa13
12,1324,fifa13
4,1324,fifa13
11,1324,fifa13
10,1325,fifa13
10,1326,fifa13
6,1326,fifa13
9,1327,fifa13
3,1328,fifa13
4,1328,fifa13
9,1329,fifa13
10,1329,fifa13
8,1330,fifa13
1,1331,fifa13
0,1331,fifa13
3,1332,fifa13
0,1332,fifa13
11,1333,fifa13
9,1334,fifa13
6,1335,fifa13
7,1335,fifa13
10,1335,fifa13
10,1336,fifa13
6,1336,fifa13
1,1337,fifa13
8,1338,fifa13
11,1339,fifa13
5,1339,fifa13
10,1340,fifa13
6,1340,fifa13
11,1340,fifa13
12,1340,fifa13
10,1341,fifa13
11,1342,fifa13
12,1342,fifa13
6,1343,fifa13
4,1343,fifa13
12,1344,fifa13
4,1344,fifa13
10,1345,fifa13
11,1346,fifa13
12,1346,fifa13
9,1346,fifa13
12,1347,fifa13
8,1348,fifa13
6,1349,fifa13
10,1349,fifa13
11,1349,fifa13
6,1350,fifa13
10,1350,fifa13
7,1350,fifa13
2,1351,fifa13
3,1351,fifa13
1,1351,fifa13
1,1352,fifa13
2,1352,fifa13
12,1353,fifa13
4,1353,fifa13
8,1354,fifa13
11,1355,fifa13
5,1356,fifa13
2,1356,fifa13
0,1356,fifa13
1,1356,fifa13
6,1357,fifa13
7,1357,fifa13
10,1357,fifa13
4,1358,fifa13
3,1358,fifa13
2,1358,fifa13
1,1359,fifa13
6,1360,fifa13
5,1360,fifa13
11,1360,fifa13
10,1360,fifa13
1,1361,fifa13
10,1362,fifa13
6,1362,fifa13
6,1363,fifa13
7,1363,fifa13
2,1364,fifa13
3,1364,fifa13
7,1364,fifa13
11,1365,fifa13
12,1365,fifa13
6,1366,fifa13
4,1366,fifa13
11,1367,fifa13
12,1367,fifa13
12,1368,fifa13
4,1368,fifa13
2,1369,fifa13
3,1369,fifa13
1,1370,fifa13
4,1371,fifa13
7,1371,fifa13
2,1372,fifa13
3,1372,fifa13
7,1372,fifa13
0,1372,fifa13
11,1373,fifa13
5,1373,fifa13
9,1374,fifa13
11,1375,fifa13
5,1375,fifa13
12,1375,fifa13
10,1375,fifa13
4,1376,fifa13
5,1376,fifa13
3,1376,fifa13
2,1376,fifa13
1,1377,fifa13
7,1377,fifa13
0,1377,fifa13
9,1378,fifa13
10,1379,fifa13
6,1379,fifa13
6,1380,fifa13
7,1380,fifa13
7,1381,fifa13
9,1382,fifa13
10,1382,fifa13
11,1383,fifa13
5,1383,fifa13
13,1383,fifa13
9,1384,fifa13
11,1384,fifa13
5,1384,fifa13
12,1385,fifa13
11,1386,fifa13
5,1386,fifa13
7,1387,fifa13
6,1387,fifa13
4,1387,fifa13
5,1387,fifa13
1,1388,fifa13
0,1388,fifa13
6,1389,fifa13
4,1389,fifa13
4,1390,fifa13
0,1391,fifa13
3,1391,fifa13
2,1391,fifa13
9,1392,fifa13
10,1392,fifa13
1,1393,fifa13
5,1393,fifa13
6,1394,fifa13
10,1394,fifa13
7,1394,fifa13
7,1395,fifa13
6,1395,fifa13
5,1395,fifa13
1,1396,fifa13
6,1397,fifa13
10,1398,fifa13
6,1398,fifa13
9,1399,fifa13
11,1400,fifa13
12,1400,fifa13
5,1400,fifa13
4,1400,fifa13
3,1401,fifa13
2,1401,fifa13
7,1401,fifa13
10,1402,fifa13
6,1402,fifa13
11,1402,fifa13
9,1403,fifa13
12,1403,fifa13
8,1404,fifa13
7,1405,fifa13
6,1405,fifa13
12,1406,fifa13
13,1406,fifa13
4,1406,fifa13
12,1407,fifa13
7,1408,fifa13
4,1408,fifa13
5,1408,fifa13
12,1409,fifa13
4,1409,fifa13
1,1410,fifa13
10,1411,fifa13
6,1411,fifa13
6,1412,fifa13
7,1412,fifa13
5,1412,fifa13
12,1413,fifa13
13,1413,fifa13
7,1414,fifa13
5,1415,fifa13
8,1416,fifa13
6,1417,fifa13
10,1417,fifa13
13,1417,fifa13
2,1418,fifa13
3,1418,fifa13
8,1419,fifa13
9,1420,fifa13
4,1421,fifa13
7,1421,fifa13
2,1422,fifa13
1,1422,fifa13
7,1423,fifa13
4,1423,fifa13
0,1423,fifa13
1,1424,fifa13
0,1424,fifa13
5,1425,fifa13
10,1425,fifa13
4,1425,fifa13
4,1426,fifa13
7,1427,fifa13
3,1427,fifa13
1,1427,fifa13
8,1428,fifa13
9,1429,fifa13
11,1429,fifa13
11,1430,fifa13
12,1430,fifa13
10,1431,fifa13
6,1431,fifa13
4,1431,fifa13
7,1431,fifa13
10,1432,fifa13
12,1432,fifa13
11,1432,fifa13
10,1433,fifa13
9,1434,fifa13
0,1435,fifa13
1,1435,fifa13
7,1435,fifa13
8,1436,fifa13
4,1437,fifa13
5,1437,fifa13
6,1438,fifa13
7,1438,fifa13
6,1439,fifa13
7,1439,fifa13
10,1439,fifa13
2,1440,fifa13
3,1440,fifa13
0,1441,fifa13
1,1441,fifa13
7,1441,fifa13
5,1441,fifa13
1,1442,fifa13
2,1443,fifa13
1,1443,fifa13
1,1444,fifa13
0,1444,fifa13
1,1445,fifa13
0,1445,fifa13
1,1446,fifa13
6,1447,fifa13
10,1447,fifa13
10,1448,fifa13
6,1448,fifa13
5,1449,fifa13
6,1449,fifa13
10,1449,fifa13
11,1449,fifa13
9,1450,fifa13
6,1451,fifa13
5,1452,fifa13
4,1452,fifa13
7,1452,fifa13
9,1453,fifa13
11,1453,fifa13
5,1453,fifa13
10,1453,fifa13
9,1454,fifa13
11,1454,fifa13
12,1454,fifa13
10,1455,fifa13
6,1455,fifa13
9,1456,fifa13
10,1457,fifa13
12,1457,fifa13
11,1457,fifa13
9,1458,fifa13
10,1458,fifa13
9,1459,fifa13
12,1459,fifa13
6,1460,fifa13
10,1460,fifa13
5,1460,fifa13
7,1460,fifa13
10,1461,fifa13
9,1461,fifa13
6,1461,fifa13
5,1462,fifa13
7,1462,fifa13
6,1462,fifa13
4,1462,fifa13
9,1463,fifa13
5,1464,fifa13
2,1464,fifa13
9,1465,fifa13
11,1465,fifa13
12,1465,fifa13
10,1465,fifa13
8,1466,fifa13
6,1467,fifa13
10,1467,fifa13
10,1468,fifa13
6,1468,fifa13
7,1469,fifa13
0,1469,fifa13
3,1469,fifa13
9,1470,fifa13
12,1471,fifa13
4,1471,fifa13
0,1472,fifa13
2,1472,fifa13
1,1472,fifa13
7,1472,fifa13
5,1473,fifa13
12,1474,fifa13
11,1474,fifa13
9,1474,fifa13
8,1475,fifa13
8,1476,fifa13
8,1477,fifa13
6,1478,fifa13
7,1478,fifa13
5,1478,fifa13
4,1478,fifa13
1,1479,fifa13
0,1479,fifa13
10,1480,fifa13
6,1480,fifa13
9,1481,fifa13
11,1481,fifa13
12,1481,fifa13
7,1482,fifa13
5,1482,fifa13
4,1482,fifa13
6,1482,fifa13
12,1483,fifa13
4,1483,fifa13
9,1484,fifa13
4,1485,fifa13
3,1485,fifa13
7,1485,fifa13
9,1486,fifa13
1,1487,fifa13
3,1487,fifa13
6,1488,fifa13
10,1488,fifa13
1,1489,fifa13
0,1489,fifa13
3,1489,fifa13
9,1490,fifa13
1,1491,fifa13
7,1491,fifa13
2,1491,fifa13
5,1491,fifa13
1,1492,fifa13
7,1492,fifa13
3,1492,fifa13
2,1492,fifa13
9,1493,fifa13
4,1494,fifa13
5,1494,fifa13
11,1495,fifa13
12,1495,fifa13
9,1496,fifa13
9,1497,fifa13
11,1497,fifa13
10,1498,fifa13
6,1498,fifa13
1,1499,fifa13
5,1500,fifa13
2,1500,fifa13
1,1500,fifa13
1,1501,fifa13
3,1501,fifa13
2,1502,fifa13
3,1502,fifa13
1,1503,fifa13
5,1503,fifa13
7,1503,fifa13
4,1504,fifa13
7,1504,fifa13
5,1505,fifa13
8,1506,fifa13
9,1507,fifa13
10,1508,fifa13
6,1508,fifa13
0,1508,fifa13
9,1508,fifa13
9,1509,fifa13
12,1509,fifa13
9,1510,fifa13
12,1511,fifa13
1,1512,fifa13
9,1513,fifa13
11,1513,fifa13
8,1514,fifa13
9,1515,fifa13
9,1516,fifa13
11,1516,fifa13
12,1516,fifa13
9,1517,fifa13
7,1518,fifa13
5,1518,fifa13
6,1518,fifa13
9,1519,fifa13
10,1519,fifa13
2,1520,fifa13
5,1520,fifa13
3,1520,fifa13
7,1520,fifa13
11,1521,fifa13
12,1522,fifa13
9,1523,fifa13
11,1523,fifa13
8,1524,fifa13
9,1525,fifa13
9,1526,fifa13
11,1526,fifa13
0,1527,fifa13
7,1527,fifa13
3,1527,fifa13
6,1527,fifa13
3,1528,fifa13
7,1528,fifa13
3,1529,fifa13
7,1529,fifa13
1,1530,fifa13
0,1530,fifa13
9,1531,fifa13
12,1531,fifa13
11,1531,fifa13
10,1532,fifa13
1,1533,fifa13
1,1534,fifa13
7,1535,fifa13
6,1535,fifa13
3,1535,fifa13
2,1536,fifa13
3,1536,fifa13
5,1536,fifa13
9,1537,fifa13
6,1538,fifa13
10,1538,fifa13
7,1538,fifa13
1,1539,fifa13
7,1540,fifa13
3,1540,fifa13
2,1540,fifa13
4,1540,fifa13
1,1541,fifa13
8,1542,fifa13
9,1543,fifa13
4,1544,fifa13
5,1544,fifa13
6,1544,fifa13
8,1545,fifa13
4,1546,fifa13
3,1546,fifa13
7,1546,fifa13
8,1547,fifa13
5,1548,fifa13
1,1548,fifa13
4,1548,fifa13
6,1549,fifa13
7,1549,fifa13
4,1549,fifa13
10,1550,fifa13
9,1551,fifa13
8,1552,fifa13
12,1553,fifa13
9,1553,fifa13
8,1554,fifa13
12,1555,fifa13
4,1555,fifa13
7,1556,fifa13
5,1556,fifa13
10,1556,fifa13
6,1556,fifa13
8,1557,fifa13
10,1558,fifa13
6,1558,fifa13
9,1559,fifa13
12,1560,fifa13
4,1560,fifa13
2,1561,fifa13
7,1561,fifa13
6,1561,fifa13
11,1562,fifa13
10,1563,fifa13
6,1563,fifa13
1,1564,fifa13
10,1565,fifa13
6,1565,fifa13
1,1566,fifa13
3,1566,fifa13
2,1566,fifa13
0,1566,fifa13
11,1567,fifa13
6,1568,fifa13
10,1568,fifa13
7,1568,fifa13
1,1569,fifa13
0,1569,fifa13
9,1570,fifa13
6,1571,fifa13
5,1571,fifa13
11,1571,fifa13
10,1571,fifa13
1,1572,fifa13
0,1572,fifa13
7,1573,fifa13
5,1573,fifa13
6,1573,fifa13
6,1574,fifa13
7,1574,fifa13
2,1575,fifa13
3,1575,fifa13
9,1576,fifa13
7,1577,fifa13
1,1577,fifa13
3,1578,fifa13
2,1578,fifa13
5,1578,fifa13
4,1578,fifa13
11,1579,fifa13
12,1579,fifa13
11,1580,fifa13
10,1580,fifa13
5,1580,fifa13
12,1580,fifa13
5,1581,fifa13
4,1581,fifa13
0,1581,fifa13
12,1582,fifa13
8,1583,fifa13
11,1584,fifa13
11,1585,fifa13
5,1585,fifa13
9,1586,fifa13
5,1587,fifa13
4,1587,fifa13
6,1588,fifa13
12,1589,fifa13
4,1589,fifa13
10,1589,fifa13
1,1590,fifa13
11,1591,fifa13
6,1592,fifa13
5,1592,fifa13
4,1592,fifa13
7,1593,fifa13
6,1593,fifa13
5,1593,fifa13
10,1593,fifa13
1,1594,fifa13
0,1594,fifa13
1,1595,fifa13
0,1595,fifa13
11,1596,fifa13
4,1597,fifa13
5,1597,fifa13
8,1598,fifa13
7,1599,fifa13
2,1599,fifa13
5,1599,fifa13
6,1599,fifa13
9,1600,fifa13
10,1600,fifa13
9,1601,fifa13
11,1601,fifa13
6,1601,fifa13
6,1602,fifa13
10,1602,fifa13
2,1603,fifa13
7,1603,fifa13
1,1604,fifa13
10,1605,fifa13
6,1605,fifa13
5,1606,fifa13
0,1606,fifa13
4,1607,fifa13
3,1607,fifa13
5,1607,fifa13
7,1607,fifa13
8,1608,fifa13
9,1609,fifa13
12,1610,fifa13
4,1610,fifa13
10,1611,fifa13
11,1611,fifa13
6,1611,fifa13
5,1611,fifa13
11,1612,fifa13
9,1613,fifa13
12,1613,fifa13
12,1614,fifa13
6,1615,fifa13
7,1615,fifa13
0,1615,fifa13
10,1616,fifa13
6,1616,fifa13
11,1616,fifa13
5,1616,fifa13
2,1617,fifa13
3,1617,fifa13
7,1617,fifa13
0,1618,fifa13
4,1618,fifa13
6,1618,fifa13
8,1619,fifa13
9,1620,fifa13
8,1621,fifa13
1,1622,fifa13
7,1622,fifa13
6,1623,fifa13
7,1623,fifa13
5,1623,fifa13
4,1623,fifa13
11,1624,fifa13
12,1624,fifa13
7,1625,fifa13
6,1625,fifa13
4,1625,fifa13
8,1626,fifa13
10,1627,fifa13
6,1627,fifa13
9,1628,fifa13
10,1628,fifa13
5,1629,fifa13
10,1630,fifa13
6,1630,fifa13
10,1631,fifa13
6,1631,fifa13
11,1632,fifa13
4,1633,fifa13
5,1633,fifa13
0,1633,fifa13
6,1634,fifa13
10,1634,fifa13
1,1635,fifa13
7,1636,fifa13
4,1636,fifa13
5,1636,fifa13
6,1637,fifa13
7,1637,fifa13
10,1637,fifa13
5,1637,fifa13
10,1638,fifa13
6,1638,fifa13
7,1638,fifa13
11,1639,fifa13
9,1640,fifa13
9,1641,fifa13
11,1641,fifa13
12,1642,fifa13
4,1642,fifa13
5,1643,fifa13
11,1643,fifa13
8,1644,fifa13
9,1645,fifa13
10,1646,fifa13
6,1646,fifa13
8,1647,fifa13
11,1648,fifa13
12,1648,fifa13
10,1649,fifa13
6,1649,fifa13
5,1650,fifa13
11,1650,fifa13
12,1650,fifa13
8,1651,fifa13
6,1652,fifa13
10,1652,fifa13
12,1653,fifa13
11,1653,fifa13
5,1653,fifa13
4,1653,fifa13
1,1654,fifa13
0,1654,fifa13
9,1655,fifa13
4,1656,fifa13
3,1656,fifa13
7,1656,fifa13
5,1656,fifa13
10,1657,fifa13
6,1657,fifa13
9,1657,fifa13
4,1658,fifa13
5,1658,fifa13
1,1659,fifa13
8,1660,fifa13
9,1661,fifa13
10,1661,fifa13
7,1662,fifa13
5,1662,fifa13
6,1662,fifa13
4,1662,fifa13
7,1663,fifa13
6,1663,fifa13
0,1663,fifa13
5,1664,fifa13
2,1664,fifa13
1,1665,fifa13
0,1665,fifa13
3,1665,fifa13
4,1665,fifa13
7,1666,fifa13
1,1667,fifa13
2,1667,fifa13
1,1668,fifa13
0,1668,fifa13
6,1669,fifa13
7,1669,fifa13
1,1670,fifa13
0,1670,fifa13
9,1671,fifa13
1,1672,fifa13
9,1673,fifa13
11,1674,fifa13
4,1675,fifa13
7,1675,fifa13
6,1675,fifa13
10,1675,fifa13
12,1676,fifa13
9,1676,fifa13
7,1677,fifa13
3,1677,fifa13
6,1677,fifa13
3,1678,fifa13
4,1678,fifa13
2,1678,fifa13
0,1678,fifa13
7,1679,fifa13
0,1679,fifa13
1,1679,fifa13
9,1680,fifa13
5,1681,fifa13
2,1681,fifa13
7,1681,fifa13
4,1681,fifa13
8,1682,fifa13
6,1683,fifa13
7,1683,fifa13
6,1684,fifa13
10,1684,fifa13
9,1685,fifa13
9,1686,fifa13
11,1686,fifa13
6,1687,fifa13
6,1688,fifa13
7,1688,fifa13
5,1688,fifa13
1,1689,fifa13
9,1690,fifa13
12,1690,fifa13
8,1691,fifa13
4,1692,fifa13
7,1692,fifa13
10,1693,fifa13
7,1693,fifa13
1,1694,fifa13
9,1695,fifa13
9,1696,fifa13
12,1697,fifa13
11,1697,fifa13
7,1698,fifa13
6,1698,fifa13
4,1699,fifa13
6,1699,fifa13
7,1699,fifa13
10,1700,fifa13
6,1700,fifa13
3,1701,fifa13
2,1701,fifa13
1,1701,fifa13
6,1702,fifa13
7,1702,fifa13
10,1702,fifa13
1,1703,fifa13
4,1703,fifa13
12,1704,fifa13
0,1705,fifa13
2,1705,fifa13
3,1705,fifa13
7,1705,fifa13
9,1706,fifa13
10,1706,fifa13
8,1707,fifa13
11,1708,fifa13
12,1709,fifa13
11,1709,fifa13
8,1710,fifa13
4,1711,fifa13
5,1711,fifa13
0,1711,fifa13
3,1712,fifa13
0,1713,fifa13
7,1713,fifa13
6,1713,fifa13
5,1713,fifa13
7,1714,fifa13
4,1714,fifa13
5,1714,fifa13
10,1715,fifa13
9,1716,fifa13
11,1717,fifa13
12,1717,fifa13
5,1717,fifa13
1,1718,fifa13
2,1718,fifa13
3,1718,fifa13
12,1719,fifa13
8,1720,fifa13
9,1721,fifa13
9,1722,fifa13
8,1723,fifa13
1,1724,fifa13
9,1725,fifa13
9,1726,fifa13
6,1727,fifa13
2,1727,fifa13
12,1728,fifa13
11,1728,fifa13
1,1729,fifa13
9,1730,fifa13
1,1731,fifa13
0,1731,fifa13
7,1732,fifa13
6,1732,fifa13
6,1733,fifa13
10,1733,fifa13
0,1734,fifa13
5,1734,fifa13
7,1734,fifa13
10,1735,fifa13
6,1735,fifa13
6,1736,fifa13
5,1736,fifa13
10,1736,fifa13
7,1736,fifa13
4,1737,fifa13
3,1737,fifa13
5,1737,fifa13
2,1737,fifa13
3,1738,fifa13
2,1738,fifa13
7,1739,fifa13
0,1739,fifa13
6,1739,fifa13
10,1739,fifa13
9,1740,fifa13
12,1740,fifa13
11,1740,fifa13
4,1741,fifa13
12,1741,fifa13
3,1742,fifa13
2,1742,fifa13
1,1742,fifa13
6,1743,fifa13
4,1743,fifa13
5,1743,fifa13
9,1744,fifa13
11,1745,fifa13
8,1746,fifa13
7,1747,fifa13
4,1747,fifa13
5,1747,fifa13
9,1748,fifa13
11,1748,fifa13
6,1749,fifa13
10,1749,fifa13
7,1749,fifa13
5,1749,fifa13
1,1750,fifa13
0,1750,fifa13
4,1751,fifa13
7,1751,fifa13
5,1751,fifa13
3,1751,fifa13
10,1752,fifa13
9,1752,fifa13
7,1752,fifa13
1,1753,fifa13
6,1754,fifa13
4,1754,fifa13
10,1754,fifa13
0,1755,fifa13
7,1755,fifa13
12,1756,fifa13
9,1756,fifa13
8,1757,fifa13
9,1758,fifa13
12,1759,fifa13
11,1760,fifa13
12,1760,fifa13
1,1761,fifa13
5,1761,fifa13
8,1762,fifa13
9,1763,fifa13
11,1763,fifa13
12,1764,fifa13
5,1765,fifa13
7,1765,fifa13
4,1765,fifa13
7,1766,fifa13
6,1766,fifa13
9,1767,fifa13
11,1767,fifa13
7,1768,fifa13
6,1768,fifa13
5,1769,fifa13
4,1769,fifa13
0,1769,fifa13
7,1769,fifa13
3,1770,fifa13
4,1770,fifa13
2,1770,fifa13
7,1770,fifa13
8,1771,fifa13
4,1772,fifa13
5,1772,fifa13
7,1772,fifa13
4,1773,fifa13
0,1773,fifa13
1,1773,fifa13
12,1774,fifa13
13,1774,fifa13
6,1775,fifa13
10,1775,fifa13
2,1776,fifa13
3,1776,fifa13
5,1776,fifa13
4,1776,fifa13
7,1777,fifa13
6,1777,fifa13
6,1778,fifa13
10,1778,fifa13
11,1778,fifa13
8,1779,fifa13
4,1780,fifa13
7,1780,fifa13
3,1780,fifa13
6,1780,fifa13
8,1781,fifa13
4,1782,fifa13
7,1782,fifa13
6,1783,fifa13
9,1784,fifa13
4,1784,fifa13
12,1784,fifa13
10,1785,fifa13
6,1785,fifa13
11,1785,fifa13
12,1786,fifa13
4,1787,fifa13
3,1787,fifa13
1,1788,fifa13
3,1789,fifa13
8,1790,fifa13
9,1791,fifa13
11,1791,fifa13
1,1792,fifa13
0,1792,fifa13
3,1792,fifa13
1,1793,fifa13
0,1793,fifa13
9,1794,fifa13
11,1794,fifa13
4,1795,fifa13
5,1795,fifa13
0,1795,fifa13
3,1795,fifa13
1,1796,fifa13
3,1796,fifa13
9,1797,fifa13
10,1797,fifa13
6,1797,fifa13
6,1798,fifa13
3,1798,fifa13
2,1798,fifa13
5,1798,fifa13
6,1799,fifa13
7,1799,fifa13
1,1800,fifa13
12,1801,fifa13
5,1802,fifa13
2,1802,fifa13
7,1802,fifa13
4,1802,fifa13
6,1803,fifa13
10,1803,fifa13
3,1804,fifa13
2,1804,fifa13
0,1804,fifa13
8,1805,fifa13
4,1806,fifa13
12,1806,fifa13
13,1806,fifa13
6,1807,fifa13
10,1807,fifa13
9,1808,fifa13
11,1808,fifa13
8,1809,fifa13
3,1810,fifa13
1,1810,fifa13
0,1810,fifa13
7,1811,fifa13
6,1811,fifa13
4,1811,fifa13
5,1811,fifa13
12,1812,fifa13
3,1812,fifa13
11,1813,fifa13
12,1813,fifa13
5,1813,fifa13
10,1814,fifa13
6,1814,fifa13
10,1815,fifa13
6,1815,fifa13
7,1816,fifa13
2,1816,fifa13
4,1817,fifa13
12,1817,fifa13
7,1817,fifa13
6,1817,fifa13
9,1818,fifa13
11,1819,fifa13
9,1819,fifa13
12,1819,fifa13
8,1820,fifa13
6,1821,fifa13
10,1821,fifa13
7,1821,fifa13
12,1822,fifa13
10,1822,fifa13
9,1823,fifa13
6,1824,fifa13
7,1824,fifa13
10,1825,fifa13
6,1825,fifa13
6,1826,fifa13
1,1827,fifa13
2,1827,fifa13
3,1828,fifa13
4,1828,fifa13
1,1828,fifa13
9,1829,fifa13
3,1830,fifa13
2,1830,fifa13
7,1830,fifa13
1,1831,fifa13
0,1831,fifa13
9,1832,fifa13
12,1832,fifa13
5,1833,fifa13
6,1834,fifa13
7,1834,fifa13
10,1834,fifa13
5,1834,fifa13
6,1835,fifa13
7,1835,fifa13
10,1835,fifa13
9,1836,fifa13
10,1836,fifa13
12,1837,fifa13
4,1837,fifa13
9,1838,fifa13
10,1838,fifa13
6,1838,fifa13
9,1839,fifa13
11,1839,fifa13
11,1840,fifa13
6,1841,fifa13
5,1842,fifa13
1,1842,fifa13
4,1842,fifa13
0,1843,fifa13
7,1843,fifa13
5,1843,fifa13
1,1843,fifa13
12,1844,fifa13
4,1844,fifa13
9,1844,fifa13
6,1845,fifa13
10,1845,fifa13
10,1846,fifa13
6,1846,fifa13
9,1846,fifa13
7,1847,fifa13
1,1847,fifa13
11,1848,fifa13
5,1848,fifa13
4,1849,fifa13
3,1849,fifa13
7,1849,fifa13
1,1850,fifa13
6,1851,fifa13
7,1851,fifa13
10,1851,fifa13
5,1852,fifa13
9,1853,fifa13
11,1853,fifa13
10,1853,fifa13
9,1854,fifa13
10,1855,fifa13
6,1855,fifa13
1,1856,fifa13
1,1857,fifa13
1,1858,fifa13
0,1858,fifa13
7,1859,fifa13
10,1860,fifa13
6,1860,fifa13
6,1861,fifa13
10,1861,fifa13
12,1862,fifa13
4,1862,fifa13
13,1862,fifa13
4,1863,fifa13
7,1863,fifa13
1,1864,fifa13
2,1864,fifa13
9,1865,fifa13
10,1866,fifa13
12,1867,fifa13
9,1867,fifa13
10,1868,fifa13
6,1868,fifa13
6,1869,fifa13
10,1869,fifa13
9,1870,fifa13
10,1870,fifa13
11,1870,fifa13
8,1871,fifa13
8,1872,fifa13
0,1873,fifa13
5,1873,fifa13
4,1873,fifa13
1,1873,fifa13
10,1874,fifa13
6,1874,fifa13
9,1875,fifa13
11,1875,fifa13
12,1876,fifa13
4,1876,fifa13
0,1877,fifa13
1,1877,fifa13
1,1878,fifa13
0,1878,fifa13
5,1879,fifa13
2,1879,fifa13
6,1879,fifa13
4,1879,fifa13
7,1880,fifa13
5,1880,fifa13
12,1881,fifa13
4,1881,fifa13
6,1881,fifa13
1,1882,fifa13
10,1883,fifa13
6,1883,fifa13
9,1884,fifa13
11,1884,fifa13
9,1885,fifa13
12,1886,fifa13
4,1886,fifa13
0,1887,fifa13
3,1887,fifa13
2,1887,fifa13
4,1887,fifa13
0,1888,fifa13
1,1888,fifa13
1,1889,fifa13
2,1890,fifa13
3,1890,fifa13
7,1890,fifa13
12,1891,fifa13
4,1891,fifa13
6,1892,fifa13
7,1892,fifa13
10,1892,fifa13
1,1893,fifa13
1,1894,fifa13
0,1894,fifa13
10,1895,fifa13
6,1895,fifa13
5,1895,fifa13
9,1895,fifa13
8,1896,fifa13
12,1897,fifa13
11,1897,fifa13
9,1898,fifa13
4,1899,fifa13
6,1899,fifa13
7,1899,fifa13
9,1900,fifa13
9,1901,fifa13
11,1901,fifa13
1,1902,fifa13
0,1902,fifa13
6,1903,fifa13
6,1904,fifa13
5,1904,fifa13
7,1904,fifa13
5,1905,fifa13
11,1905,fifa13
10,1906,fifa13
6,1906,fifa13
1,1907,fifa13
7,1907,fifa13
12,1908,fifa13
10,1909,fifa13
6,1909,fifa13
6,1910,fifa13
7,1910,fifa13
10,1910,fifa13
4,1910,fifa13
4,1911,fifa13
5,1911,fifa13
11,1912,fifa13
5,1912,fifa13
12,1912,fifa13
8,1913,fifa13
7,1914,fifa13
4,1914,fifa13
1,1915,fifa13
2,1915,fifa13
3,1915,fifa13
8,1916,fifa13
6,1917,fifa13
5,1917,fifa13
9,1918,fifa13
11,1919,fifa13
7,1920,fifa13
6,1920,fifa13
4,1920,fifa13
5,1920,fifa13
7,1921,fifa13
4,1921,fifa13
12,1922,fifa13
4,1922,fifa13
3,1922,fifa13
1,1923,fifa13
5,1924,fifa13
7,1924,fifa13
0,1924,fifa13
4,1924,fifa13
1,1925,fifa13
1,1926,fifa13
11,1927,fifa13
9,1927,fifa13
6,1928,fifa13
9,1929,fifa13
12,1930,fifa13
10,1930,fifa13
1,1931,fifa13
10,1932,fifa13
6,1932,fifa13
1,1933,fifa13
0,1933,fifa13
9,1934,fifa13
7,1935,fifa13
4,1935,fifa13
10,1936,fifa13
6,1936,fifa13
11,1937,fifa13
7,1938,fifa13
6,1938,fifa13
5,1938,fifa13
11,1939,fifa13
12,1939,fifa13
8,1940,fifa13
9,1941,fifa13
12,1941,fifa13
10,1942,fifa13
6,1942,fifa13
1,1943,fifa13
0,1943,fifa13
8,1944,fifa13
1,1945,fifa13
6,1946,fifa13
10,1946,fifa13
5,1947,fifa13
4,1947,fifa13
0,1948,fifa13
5,1948,fifa13
1,1949,fifa13
9,1950,fifa13
10,1951,fifa13
11,1952,fifa13
5,1952,fifa13
0,1953,fifa13
2,1953,fifa13
3,1953,fifa13
7,1953,fifa13
10,1954,fifa13
6,1954,fifa13
12,1955,fifa13
9,1955,fifa13
10,1955,fifa13
5,1956,fifa13
7,1956,fifa13
2,1956,fifa13
4,1956,fifa13
8,1957,fifa13
10,1958,fifa13
13,1958,fifa13
6,1958,fifa13
6,1959,fifa13
10,1959,fifa13
4,1960,fifa13
7,1960,fifa13
10,1960,fifa13
5,1960,fifa13
8,1961,fifa13
11,1962,fifa13
9,1963,fifa13
11,1963,fifa13
6,1964,fifa13
10,1964,fifa13
10,1965,fifa13
6,1965,fifa13
9,1965,fifa13
8,1966,fifa13
9,1967,fifa13
10,1967,fifa13
7,1968,fifa13
1,1968,fifa13
3,1968,fifa13
4,1968,fifa13
8,1969,fifa13
11,1970,fifa13
9,1970,fifa13
1,1971,fifa13
5,1971,fifa13
8,1972,fifa13
4,1973,fifa13
5,1973,fifa13
9,1974,fifa13
8,1975,fifa13
7,1976,fifa13
2,1976,fifa13
10,1977,fifa13
6,1977,fifa13
9,1978,fifa13
6,1979,fifa13
7,1979,fifa13
5,1979,fifa13
2,1980,fifa13
7,1980,fifa13
5,1980,fifa13
10,1981,fifa13
6,1981,fifa13
9,1982,fifa13
6,1983,fifa13
10,1983,fifa13
6,1984,fifa13
10,1984,fifa13
7,1985,fifa13
0,1985,fifa13
1,1986,fifa13
6,1987,fifa13
4,1987,fifa13
10,1987,fifa13
4,1988,fifa13
7,1988,fifa13
5,1988,fifa13
1,1988,fifa13
9,1989,fifa13
12,1989,fifa13
11,1989,fifa13
1,1990,fifa13
3,1990,fifa13
9,1991,fifa13
12,1991,fifa13
4,1991,fifa13
1,1992,fifa13
0,1992,fifa13
6,1993,fifa13
10,1993,fifa13
10,1994,fifa13
6,1994,fifa13
1,1995,fifa13
5,1996,fifa13
2,1996,fifa13
11,1997,fifa13
12,1997,fifa13
6,1998,fifa13
10,1998,fifa13
1,1999,fifa13
10,2000,fifa13
6,2000,fifa13
11,2000,fifa13
12,2001,fifa13
11,2001,fifa13
9,2002,fifa13
11,2002,fifa13
10,2002,fifa13
6,2003,fifa13
8,2004,fifa13
4,2005,fifa13
7,2005,fifa13
1,2006,fifa13
4,2007,fifa13
5,2007,fifa13
7,2007,fifa13
0,2007,fifa13
9,2008,fifa13
8,2009,fifa13
1,2010,fifa13
1,2011,fifa13
0,2011,fifa13
11,2012,fifa13
5,2012,fifa13
7,2013,fifa13
5,2013,fifa13
6,2013,fifa13
5,2014,fifa13
10,2015,fifa13
7,2016,fifa13
5,2016,fifa13
6,2016,fifa13
2,2016,fifa13
0,2017,fifa13
7,2017,fifa13
2,2017,fifa13
3,2017,fifa13
1,2018,fifa13
1,2019,fifa13
9,2020,fifa13
10,2020,fifa13
4,2021,fifa13
3,2021,fifa13
5,2021,fifa13
0,2022,fifa13
7,2022,fifa13
1,2022,fifa13
9,2023,fifa13
9,2024,fifa13
6,2025,fifa13
10,2025,fifa13
8,2026,fifa13
6,2027,fifa13
10,2027,fifa13
4,2027,fifa13
5,2027,fifa13
5,2028,fifa13
7,2028,fifa13
6,2029,fifa13
7,2029,fifa13
10,2029,fifa13
5,2029,fifa13
7,2030,fifa13
5,2030,fifa13
4,2030,fifa13
9,2031,fifa13
8,2032,fifa13
12,2033,fifa13
8,2034,fifa13
6,2035,fifa13
10,2035,fifa13
4,2036,fifa13
12,2036,fifa13
6,2036,fifa13
4,2037,fifa13
12,2038,fifa13
8,2039,fifa13
10,2040,fifa13
9,2040,fifa13
9,2041,fifa13
7,2042,fifa13
4,2042,fifa13
5,2042,fifa13
9,2043,fifa13
10,2043,fifa13
6,2044,fifa13
11,2045,fifa13
2,2045,fifa13
5,2045,fifa13
6,2046,fifa13
12,2047,fifa13
4,2047,fifa13
4,2048,fifa13
5,2048,fifa13
6,2048,fifa13
8,2049,fifa13
6,2050,fifa13
4,2050,fifa13
7,2051,fifa13
9,2052,fifa13
11,2052,fifa13
11,2053,fifa13
4,2054,fifa13
7,2054,fifa13
6,2054,fifa13
2,2055,fifa13
3,2055,fifa13
10,2056,fifa13
9,2057,fifa13
10,2057,fifa13
11,2057,fifa13
11,2058,fifa13
12,2058,fifa13
9,2059,fifa13
9,2060,fifa13
1,2061,fifa13
8,2062,fifa13
4,2063,fifa13
6,2063,fifa13
4,2064,fifa13
1,2064,fifa13
9,2065,fifa13
11,2065,fifa13
8,2066,fifa13
3,2067,fifa13
4,2067,fifa13
7,2067,fifa13
1,2067,fifa13
5,2068,fifa13
9,2069,fifa13
10,2069,fifa13
9,2070,fifa13
11,2070,fifa13
10,2070,fifa13
10,2071,fifa13
6,2071,fifa13
9,2072,fifa13
9,2073,fifa13
10,2073,fifa13
7,2074,fifa13
1,2074,fifa13
1,2075,fifa13
0,2075,fifa13
1,2076,fifa13
9,2077,fifa13
11,2077,fifa13
3,2078,fifa13
1,2078,fifa13
5,2079,fifa13
11,2079,fifa13
13,2079,fifa13
3,2080,fifa13
8,2081,fifa13
1,2082,fifa13
3,2082,fifa13
9,2083,fifa13
12,2083,fifa13
1,2084,fifa13
0,2084,fifa13
11,2085,fifa13
10,2086,fifa13
6,2086,fifa13
5,2086,fifa13
7,2086,fifa13
12,2087,fifa13
7,2088,fifa13
1,2088,fifa13
12,2089,fifa13
6,2090,fifa13
10,2090,fifa13
4,2091,fifa13
7,2091,fifa13
1,2092,fifa13
2,2093,fifa13
3,2093,fifa13
12,2094,fifa13
6,2095,fifa13
7,2095,fifa13
10,2095,fifa13
12,2096,fifa13
5,2097,fifa13
4,2097,fifa13
2,2097,fifa13
3,2097,fifa13
1,2098,fifa13
3,2098,fifa13
6,2099,fifa13
7,2099,fifa13
10,2099,fifa13
5,2099,fifa13
1,2100,fifa13
11,2101,fifa13
5,2101,fifa13
1,2102,fifa13
7,2103,fifa13
6,2103,fifa13
0,2103,fifa13
3,2103,fifa13
1,2104,fifa13
0,2104,fifa13
1,2105,fifa13
4,2105,fifa13
1,2106,fifa13
0,2106,fifa13
7,2107,fifa13
1,2107,fifa13
5,2107,fifa13
7,2107,fifa13
8,2108,fifa13
10,2109,fifa13
5,2109,fifa13
11,2109,fifa13
1,2110,fifa13
0,2110,fifa13
9,2111,fifa13
4,2112,fifa13
3,2112,fifa13
4,2113,fifa13
3,2113,fifa13
1,2114,fifa13
5,2115,fifa13
4,2115,fifa13
7,2115,fifa13
8,2116,fifa13
11,2117,fifa13
9,2117,fifa13
11,2118,fifa13
5,2118,fifa13
6,2118,fifa13
12,2118,fifa13
11,2119,fifa13
10,2119,fifa13
9,2119,fifa13
10,2120,fifa13
11,2120,fifa13
10,2121,fifa13
6,2121,fifa13
10,2122,fifa13
11,2122,fifa13
12,2122,fifa13
9,2122,fifa13
0,2123,fifa13
6,2123,fifa13
3,2123,fifa13
9,2124,fifa13
4,2125,fifa13
5,2125,fifa13
7,2125,fifa13
6,2125,fifa13
11,2126,fifa13
10,2127,fifa13
6,2127,fifa13
8,2128,fifa13
9,2129,fifa13
1,2130,fifa13
0,2130,fifa13
3,2131,fifa13
2,2131,fifa13
8,2132,fifa13
8,2133,fifa13
1,2134,fifa13
0,2134,fifa13
9,2135,fifa13
10,2135,fifa13
2,2136,fifa13
3,2136,fifa13
12,2137,fifa13
4,2137,fifa13
10,2138,fifa13
9,2138,fifa13
12,2139,fifa13
11,2139,fifa13
9,2140,fifa13
10,2140,fifa13
4,2141,fifa13
3,2141,fifa13
0,2141,fifa13
5,2141,fifa13
6,2142,fifa13
5,2142,fifa13
4,2142,fifa13
9,2143,fifa13
12,2143,fifa13
10,2144,fifa13
6,2144,fifa13
9,2144,fifa13
11,2145,fifa13
13,2145,fifa13
5,2145,fifa13
1,2146,fifa13
1,2147,fifa13
9,2148,fifa13
9,2149,fifa13
8,2150,fifa13
9,2151,fifa13
10,2151,fifa13
9,2152,fifa13
9,2153,fifa13
10,2153,fifa13
1,2154,fifa13
5,2155,fifa13
4,2155,fifa13
9,2156,fifa13
9,2157,fifa13
7,2158,fifa13
6,2158,fifa13
8,2159,fifa13
11,2160,fifa13
9,2160,fifa13
8,2161,fifa13
7,2162,fifa13
6,2162,fifa13
2,2162,fifa13
7,2163,fifa13
6,2163,fifa13
5,2163,fifa13
10,2163,fifa13
10,2164,fifa13
6,2164,fifa13
6,2165,fifa13
7,2165,fifa13
5,2165,fifa13
9,2166,fifa13
12,2166,fifa13
1,2167,fifa13
0,2167,fifa13
3,2167,fifa13
5,2168,fifa13
7,2168,fifa13
4,2168,fifa13
9,2169,fifa13
6,2170,fifa13
10,2170,fifa13
6,2171,fifa13
4,2171,fifa13
7,2171,fifa13
12,2171,fifa13
12,2172,fifa13
9,2173,fifa13
11,2173,fifa13
6,2174,fifa13
0,2174,fifa13
6,2175,fifa13
7,2175,fifa13
6,2176,fifa13
10,2176,fifa13
7,2177,fifa13
6,2177,fifa13
1,2177,fifa13
7,2178,fifa13
5,2178,fifa13
6,2179,fifa13
4,2179,fifa13
10,2179,fifa13
7,2179,fifa13
10,2180,fifa13
4,2181,fifa13
5,2181,fifa13
11,2182,fifa13
9,2182,fifa13
10,2183,fifa13
6,2183,fifa13
1,2184,fifa13
9,2185,fifa13
10,2186,fifa13
6,2186,fifa13
11,2186,fifa13
7,2187,fifa13
2,2187,fifa13
3,2187,fifa13
1,2188,fifa13
11,2189,fifa13
5,2189,fifa13
8,2190,fifa13
5,2191,fifa13
10,2192,fifa13
1,2193,fifa13
5,2193,fifa13
0,2193,fifa13
9,2194,fifa13
1,2195,fifa13
0,2195,fifa13
6,2196,fifa13
10,2196,fifa13
1,2197,fifa13
0,2197,fifa13
2,2198,fifa13
3,2198,fifa13
1,2199,fifa13
0,2199,fifa13
1,2200,fifa13
2,2200,fifa13
3,2200,fifa13
0,2200,fifa13
9,2201,fifa13
9,2202,fifa13
6,2203,fifa13
10,2203,fifa13
8,2204,fifa13
9,2205,fifa13
10,2205,fifa13
6,2205,fifa13
6,2206,fifa13
10,2206,fifa13
7,2206,fifa13
7,2207,fifa13
6,2207,fifa13
2,2207,fifa13
9,2208,fifa13
11,2208,fifa13
10,2209,fifa13
6,2209,fifa13
5,2210,fifa13
2,2210,fifa13
0,2210,fifa13
8,2211,fifa13
8,2212,fifa13
10,2213,fifa13
6,2213,fifa13
9,2214,fifa13
7,2215,fifa13
4,2216,fifa13
3,2216,fifa13
5,2216,fifa13
0,2216,fifa13
1,2217,fifa13
7,2217,fifa13
5,2218,fifa13
5,2219,fifa13
2,2219,fifa13
9,2220,fifa13
7,2221,fifa13
6,2222,fifa13
7,2222,fifa13
10,2222,fifa13
5,2222,fifa13
9,2223,fifa13
1,2224,fifa13
10,2225,fifa13
6,2225,fifa13
11,2226,fifa13
12,2226,fifa13
11,2227,fifa13
13,2228,fifa13
11,2228,fifa13
1,2229,fifa13
0,2229,fifa13
4,2230,fifa13
5,2230,fifa13
1,2230,fifa13
8,2231,fifa13
5,2232,fifa13
2,2232,fifa13
4,2232,fifa13
7,2233,fifa13
2,2233,fifa13
3,2233,fifa13
5,2234,fifa13
11,2234,fifa13
9,2235,fifa13
1,2236,fifa13
1,2237,fifa13
0,2237,fifa13
1,2238,fifa13
4,2239,fifa13
5,2239,fifa13
7,2240,fifa13
5,2240,fifa13
4,2240,fifa13
12,2241,fifa13
9,2242,fifa13
12,2242,fifa13
13,2242,fifa13
1,2243,fifa13
12,2244,fifa13
4,2244,fifa13
1,2245,fifa13
6,2246,fifa13
4,2246,fifa13
7,2246,fifa13
5,2246,fifa13
5,2247,fifa13
4,2247,fifa13
1,2247,fifa13
7,2247,fifa13
7,2248,fifa13
6,2248,fifa13
9,2249,fifa13
6,2250,fifa13
7,2250,fifa13
9,2251,fifa13
10,2251,fifa13
12,2252,fifa13
9,2252,fifa13
12,2253,fifa13
9,2254,fifa13
11,2254,fifa13
6,2255,fifa13
7,2255,fifa13
8,2256,fifa13
6,2257,fifa13
10,2257,fifa13
7,2257,fifa13
1,2258,fifa13
4,2259,fifa13
5,2259,fifa13
8,2260,fifa13
3,2261,fifa13
2,2261,fifa13
0,2261,fifa13
6,2262,fifa13
7,2262,fifa13
10,2262,fifa13
4,2262,fifa13
7,2263,fifa13
2,2263,fifa13
9,2264,fifa13
11,2264,fifa13
2,2265,fifa13
5,2265,fifa13
3,2265,fifa13
7,2265,fifa13
4,2266,fifa13
0,2266,fifa13
7,2266,fifa13
5,2266,fifa13
11,2267,fifa13
5,2267,fifa13
10,2268,fifa13
6,2268,fifa13
5,2268,fifa13
4,2268,fifa13
9,2269,fifa13
10,2270,fifa13
9,2270,fifa13
11,2270,fifa13
12,2271,fifa13
7,2272,fifa13
1,2272,fifa13
11,2273,fifa13
5,2274,fifa13
1,2274,fifa13
7,2274,fifa13
9,2275,fifa13
1,2276,fifa13
6,2277,fifa13
4,2277,fifa13
3,2277,fifa13
10,2277,fifa13
9,2278,fifa13
12,2278,fifa13
11,2278,fifa13
11,2279,fifa13
12,2279,fifa13
9,2280,fifa13
9,2281,fifa13
11,2281,fifa13
8,2282,fifa13
3,2283,fifa13
2,2283,fifa13
7,2283,fifa13
0,2283,fifa13
8,2284,fifa13
10,2285,fifa13
6,2285,fifa13
4,2286,fifa13
5,2286,fifa13
1,2287,fifa13
6,2288,fifa13
4,2289,fifa13
7,2290,fifa13
4,2290,fifa13
5,2290,fifa13
12,2291,fifa13
9,2291,fifa13
11,2292,fifa13
5,2292,fifa13
1,2293,fifa13
0,2293,fifa13
2,2293,fifa13
1,2294,fifa13
0,2294,fifa13
12,2295,fifa13
8,2296,fifa13
1,2297,fifa13
9,2298,fifa13
8,2299,fifa13
10,2300,fifa13
6,2300,fifa13
7,2301,fifa13
3,2301,fifa13
2,2301,fifa13
7,2302,fifa13
6,2302,fifa13
9,2303,fifa13
12,2304,fifa13
10,2304,fifa13
9,2305,fifa13
1,2306,fifa13
5,2307,fifa13
4,2307,fifa13
1,2308,fifa13
0,2308,fifa13
4,2308,fifa13
11,2309,fifa13
1,2310,fifa13
4,2311,fifa13
12,2311,fifa13
9,2312,fifa13
9,2313,fifa13
4,2314,fifa13
0,2314,fifa13
5,2314,fifa13
11,2315,fifa13
5,2315,fifa13
2,2315,fifa13
2,2316,fifa13
1,2316,fifa13
9,2317,fifa13
1,2318,fifa13
9,2319,fifa13
12,2319,fifa13
11,2319,fifa13
9,2320,fifa13
8,2321,fifa13
4,2322,fifa13
5,2322,fifa13
2,2322,fifa13
3,2322,fifa13
11,2323,fifa13
2,2324,fifa13
0,2324,fifa13
7,2324,fifa13
6,2325,fifa13
5,2325,fifa13
7,2326,fifa13
3,2326,fifa13
4,2326,fifa13
6,2326,fifa13
12,2327,fifa13
4,2327,fifa13
6,2328,fifa13
4,2328,fifa13
5,2328,fifa13
10,2328,fifa13
4,2329,fifa13
6,2329,fifa13
1,2330,fifa13
5,2330,fifa13
0,2330,fifa13
6,2331,fifa13
7,2331,fifa13
10,2331,fifa13
1,2332,fifa13
0,2332,fifa13
2,2332,fifa13
4,2333,fifa13
3,2333,fifa13
5,2333,fifa13
7,2334,fifa13
5,2334,fifa13
7,2335,fifa13
6,2335,fifa13
1,2336,fifa13
5,2336,fifa13
4,2336,fifa13
0,2336,fifa13
8,2337,fifa13
6,2338,fifa13
7,2338,fifa13
1,2339,fifa13
0,2339,fifa13
5,2340,fifa13
6,2340,fifa13
10,2340,fifa13
4,2341,fifa13
7,2341,fifa13
10,2342,fifa13
6,2342,fifa13
5,2342,fifa13
6,2343,fifa13
10,2343,fifa13
2,2344,fifa13
5,2344,fifa13
3,2344,fifa13
4,2344,fifa13
3,2345,fifa13
0,2345,fifa13
1,2345,fifa13
6,2346,fifa13
10,2346,fifa13
5,2347,fifa13
4,2347,fifa13
6,2347,fifa13
1,2348,fifa13
0,2348,fifa13
1,2349,fifa13
0,2349,fifa13
3,2349,fifa13
7,2349,fifa13
9,2350,fifa13
11,2350,fifa13
10,2351,fifa13
6,2351,fifa13
9,2352,fifa13
10,2353,fifa13
3,2354,fifa13
2,2354,fifa13
6,2355,fifa13
7,2356,fifa13
6,2356,fifa13
5,2356,fifa13
5,2357,fifa13
1,2357,fifa13
4,2357,fifa13
12,2358,fifa13
11,2358,fifa13
12,2359,fifa13
9,2360,fifa13
10,2360,fifa13
11,2361,fifa13
13,2361,fifa13
5,2361,fifa13
7,2361,fifa13
9,2362,fifa13
9,2363,fifa13
10,2363,fifa13
6,2363,fifa13
7,2363,fifa13
6,2364,fifa13
10,2364,fifa13
7,2364,fifa13
1,2365,fifa13
2,2365,fifa13
3,2365,fifa13
8,2366,fifa13
10,2367,fifa13
12,2367,fifa13
11,2367,fifa13
4,2367,fifa13
1,2368,fifa13
0,2368,fifa13
2,2368,fifa13
5,2368,fifa13
1,2369,fifa13
1,2370,fifa13
9,2371,fifa13
7,2372,fifa13
9,2373,fifa13
12,2373,fifa13
11,2374,fifa13
5,2374,fifa13
9,2375,fifa13
12,2376,fifa13
2,2377,fifa13
7,2377,fifa13
10,2378,fifa13
6,2378,fifa13
9,2378,fifa13
5,2379,fifa13
2,2379,fifa13
1,2380,fifa13
7,2380,fifa13
10,2381,fifa13
8,2382,fifa13
10,2383,fifa13
6,2383,fifa13
9,2384,fifa13
12,2384,fifa13
8,2385,fifa13
8,2386,fifa13
4,2387,fifa13
3,2387,fifa13
9,2388,fifa13
11,2389,fifa13
9,2389,fifa13
10,2389,fifa13
1,2390,fifa13
0,2390,fifa13
9,2391,fifa13
7,2392,fifa13
5,2392,fifa13
6,2393,fifa13
6,2394,fifa13
7,2394,fifa13
10,2394,fifa13
5,2395,fifa13
11,2395,fifa13
2,2395,fifa13
2,2396,fifa13
3,2396,fifa13
7,2397,fifa13
6,2397,fifa13
4,2397,fifa13
5,2397,fifa13
7,2398,fifa13
6,2398,fifa13
5,2398,fifa13
9,2399,fifa13
4,2400,fifa13
5,2400,fifa13
6,2400,fifa13
7,2400,fifa13
1,2401,fifa13
9,2402,fifa13
12,2402,fifa13
4,2403,fifa13
5,2403,fifa13
0,2403,fifa13
1,2404,fifa13
3,2404,fifa13
2,2404,fifa13
11,2405,fifa13
10,2405,fifa13
6,2405,fifa13
4,2406,fifa13
3,2406,fifa13
1,2406,fifa13
12,2406,fifa13
1,2407,fifa13
2,2407,fifa13
3,2407,fifa13
3,2408,fifa13
4,2408,fifa13
7,2408,fifa13
10,2409,fifa13
6,2409,fifa13
6,2410,fifa13
5,2411,fifa13
4,2411,fifa13
1,2412,fifa13
11,2413,fifa13
9,2414,fifa13
10,2414,fifa13
1,2415,fifa13
0,2415,fifa13
1,2416,fifa13
4,2417,fifa13
8,2418,fifa13
7,2419,fifa13
1,2419,fifa13
8,2420,fifa13
9,2421,fifa13
4,2422,fifa13
12,2422,fifa13
13,2422,fifa13
1,2423,fifa13
5,2423,fifa13
5,2424,fifa13
7,2425,fifa13
9,2426,fifa13
7,2427,fifa13
5,2427,fifa13
4,2427,fifa13
0,2427,fifa13
8,2428,fifa13
3,2429,fifa13
2,2429,fifa13
5,2430,fifa13
0,2430,fifa13
11,2431,fifa13
5,2432,fifa13
0,2432,fifa13
11,2432,fifa13
11,2433,fifa13
12,2433,fifa13
2,2433,fifa13
6,2434,fifa13
7,2434,fifa13
4,2434,fifa13
5,2434,fifa13
11,2435,fifa13
5,2435,fifa13
12,2435,fifa13
6,2436,fifa13
9,2437,fifa13
10,2437,fifa13
11,2437,fifa13
9,2438,fifa13
10,2439,fifa13
9,2439,fifa13
1,2440,fifa13
0,2440,fifa13
6,2441,fifa13
7,2441,fifa13
10,2442,fifa13
6,2442,fifa13
1,2443,fifa13
0,2443,fifa13
3,2443,fifa13
2,2443,fifa13
12,2444,fifa13
4,2444,fifa13
1,2445,fifa13
9,2446,fifa13
1,2447,fifa13
10,2448,fifa13
6,2448,fifa13
6,2449,fifa13
10,2449,fifa13
5,2450,fifa13
7,2450,fifa13
2,2450,fifa13
3,2450,fifa13
9,2451,fifa13
9,2452,fifa13
12,2452,fifa13
1,2453,fifa13
0,2453,fifa13
9,2454,fifa13
12,2454,fifa13
1,2455,fifa13
10,2456,fifa13
6,2456,fifa13
7,2456,fifa13
9,2457,fifa13
11,2457,fifa13
9,2458,fifa13
11,2459,fifa13
12,2459,fifa13
12,2460,fifa13
4,2461,fifa13
5,2461,fifa13
7,2461,fifa13
0,2461,fifa13
8,2462,fifa13
8,2463,fifa13
9,2464,fifa13
10,2464,fifa13
6,2464,fifa13
7,2464,fifa13
1,2465,fifa13
0,2465,fifa13
5,2465,fifa13
9,2466,fifa13
11,2467,fifa13
5,2467,fifa13
9,2468,fifa13
12,2468,fifa13
11,2468,fifa13
10,2469,fifa13
6,2469,fifa13
4,2470,fifa13
3,2470,fifa13
7,2471,fifa13
6,2471,fifa13
8,2472,fifa13
6,2473,fifa13
10,2473,fifa13
5,2473,fifa13
9,2474,fifa13
10,2475,fifa13
6,2475,fifa13
1,2476,fifa13
2,2477,fifa13
8,2478,fifa13
8,2479,fifa13
10,2480,fifa13
6,2480,fifa13
7,2480,fifa13
9,2481,fifa13
1,2482,fifa13
8,2483,fifa13
6,2484,fifa13
7,2484,fifa13
5,2484,fifa13
10,2484,fifa13
9,2485,fifa13
5,2486,fifa13
4,2486,fifa13
0,2487,fifa13
3,2487,fifa13
2,2487,fifa13
11,2488,fifa13
13,2488,fifa13
10,2489,fifa13
6,2489,fifa13
8,2490,fifa13
11,2491,fifa13
6,2491,fifa13
4,2492,fifa13
3,2492,fifa13
7,2492,fifa13
0,2492,fifa13
1,2493,fifa13
1,2494,fifa13
3,2494,fifa13
4,2494,fifa13
2,2495,fifa13
12,2496,fifa13
5,2497,fifa13
4,2497,fifa13
2,2497,fifa13
4,2498,fifa13
7,2498,fifa13
5,2498,fifa13
6,2498,fifa13
8,2499,fifa13
9,2500,fifa13
10,2500,fifa13
11,2501,fifa13
9,2502,fifa13
12,2502,fifa13
6,2503,fifa13
5,2503,fifa13
7,2503,fifa13
3,2504,fifa13
0,2504,fifa13
4,2504,fifa13
1,2505,fifa13
1,2506,fifa13
0,2506,fifa13
3,2507,fifa13
2,2507,fifa13
6,2508,fifa13
10,2508,fifa13
7,2508,fifa13
5,2508,fifa13
11,2509,fifa13
12,2509,fifa13
2,2509,fifa13
1,2510,fifa13
1,2511,fifa13
9,2512,fifa13
11,2513,fifa13
13,2513,fifa13
9,2513,fifa13
9,2514,fifa13
7,2515,fifa13
0,2515,fifa13
8,2516,fifa13
1,2517,fifa13
9,2518,fifa13
9,2519,fifa13
11,2519,fifa13
7,2520,fifa13
4,2520,fifa13
6,2520,fifa13
5,2521,fifa13
1,2521,fifa13
7,2521,fifa13
6,2521,fifa13
4,2522,fifa13
3,2522,fifa13
0,2522,fifa13
1,2522,fifa13
7,2523,fifa13
3,2523,fifa13
6,2523,fifa13
4,2524,fifa13
5,2524,fifa13
4,2525,fifa13
5,2525,fifa13
7,2525,fifa13
0,2525,fifa13
1,2526,fifa13
0,2526,fifa13
5,2526,fifa13
2,2527,fifa13
4,2527,fifa13
5,2527,fifa13
3,2527,fifa13
7,2528,fifa13
1,2528,fifa13
7,2529,fifa13
4,2529,fifa13
5,2529,fifa13
10,2530,fifa13
6,2530,fifa13
9,2531,fifa13
9,2532,fifa13
1,2533,fifa13
9,2534,fifa13
11,2534,fifa13
8,2535,fifa13
1,2536,fifa13
0,2536,fifa13
1,2537,fifa13
1,2538,fifa13
0,2538,fifa13
8,2539,fifa13
10,2540,fifa13
6,2540,fifa13
7,2540,fifa13
8,2541,fifa13
1,2542,fifa13
6,2543,fifa13
2,2543,fifa13
1,2543,fifa13
1,2544,fifa13
2,2544,fifa13
9,2545,fifa13
11,2545,fifa13
12,2545,fifa13
7,2546,fifa13
6,2546,fifa13
5,2546,fifa13
8,2547,fifa13
1,2548,fifa13
0,2548,fifa13
9,2549,fifa13
7,2550,fifa13
4,2550,fifa13
6,2550,fifa13
1,2551,fifa13
2,2552,fifa13
5,2552,fifa13
1,2553,fifa13
3,2554,fifa13
4,2554,fifa13
5,2554,fifa13
8,2555,fifa13
1,2556,fifa13
6,2557,fifa13
10,2557,fifa13
7,2557,fifa13
1,2558,fifa13
7,2559,fifa13
4,2559,fifa13
6,2559,fifa13
9,2560,fifa13
2,2561,fifa13
3,2561,fifa13
1,2562,fifa13
0,2562,fifa13
10,2563,fifa13
9,2563,fifa13
12,2563,fifa13
6,2563,fifa13
7,2564,fifa13
2,2564,fifa13
6,2564,fifa13
3,2564,fifa13
11,2565,fifa13
12,2565,fifa13
9,2566,fifa13
4,2567,fifa13
6,2567,fifa13
7,2567,fifa13
2,2568,fifa13
3,2568,fifa13
0,2568,fifa13
1,2568,fifa13
1,2569,fifa13
1,2570,fifa13
11,2571,fifa13
5,2571,fifa13
10,2571,fifa13
12,2571,fifa13
8,2572,fifa13
8,2573,fifa13
5,2574,fifa13
11,2574,fifa13
13,2574,fifa13
9,2575,fifa13
11,2575,fifa13
4,2576,fifa13
5,2576,fifa13
7,2576,fifa13
6,2577,fifa13
7,2577,fifa13
5,2578,fifa13
6,2578,fifa13
4,2578,fifa13
3,2579,fifa13
4,2579,fifa13
12,2580,fifa13
11,2580,fifa13
1,2581,fifa13
0,2581,fifa13
1,2582,fifa13
6,2583,fifa13
5,2583,fifa13
2,2583,fifa13
7,2583,fifa13
9,2584,fifa13
3,2585,fifa13
2,2585,fifa13
6,2586,fifa13
7,2586,fifa13
10,2586,fifa13
0,2586,fifa13
6,2587,fifa13
10,2587,fifa13
1,2588,fifa13
7,2589,fifa13
1,2589,fifa13
1,2590,fifa13
10,2591,fifa13
6,2591,fifa13
11,2592,fifa13
6,2593,fifa13
10,2593,fifa13
10,2594,fifa13
6,2594,fifa13
12,2594,fifa13
2,2595,fifa13
3,2595,fifa13
5,2595,fifa13
7,2595,fifa13
10,2596,fifa13
6,2596,fifa13
1,2597,fifa13
9,2598,fifa13
12,2598,fifa13
10,2598,fifa13
10,2599,fifa13
9,2599,fifa13
11,2599,fifa13
5,2600,fifa13
4,2600,fifa13
2,2600,fifa13
7,2600,fifa13
8,2601,fifa13
4,2602,fifa13
7,2602,fifa13
0,2602,fifa13
1,2603,fifa13
4,2603,fifa13
9,2604,fifa13
12,2604,fifa13
10,2605,fifa13
7,2606,fifa13
8,2607,fifa13
9,2608,fifa13
4,2609,fifa13
5,2609,fifa13
7,2609,fifa13
9,2610,fifa13
1,2611,fifa13
7,2612,fifa13
2,2612,fifa13
3,2612,fifa13
8,2613,fifa13
8,2614,fifa13
7,2615,fifa13
6,2615,fifa13
0,2615,fifa13
1,2616,fifa13
3,2616,fifa13
10,2617,fifa13
6,2617,fifa13
9,2617,fifa13
1,2618,fifa13
8,2619,fifa13
7,2620,fifa13
5,2620,fifa13
1,2620,fifa13
0,2620,fifa13
5,2621,fifa13
8,2622,fifa13
9,2623,fifa13
10,2623,fifa13
12,2624,fifa13
11,2624,fifa13
8,2625,fifa13
11,2626,fifa13
12,2626,fifa13
2,2627,fifa13
5,2627,fifa13
4,2628,fifa13
12,2628,fifa13
6,2628,fifa13
6,2629,fifa13
1,2630,fifa13
0,2630,fifa13
9,2631,fifa13
2,2632,fifa13
3,2632,fifa13
5,2632,fifa13
5,2633,fifa13
6,2633,fifa13
4,2633,fifa13
5,2634,fifa13
7,2634,fifa13
4,2634,fifa13
9,2635,fifa13
12,2635,fifa13
6,2635,fifa13
11,2635,fifa13
10,2636,fifa13
6,2636,fifa13
9,2637,fifa13
12,2638,fifa13
4,2638,fifa13
6,2639,fifa13
7,2639,fifa13
9,2640,fifa13
12,2640,fifa13
1,2641,fifa13
9,2642,fifa13
12,2642,fifa13
10,2643,fifa13
9,2643,fifa13
6,2644,fifa13
7,2644,fifa13
6,2645,fifa13
7,2645,fifa13
0,2645,fifa13
6,2646,fifa13
7,2646,fifa13
5,2646,fifa13
3,2647,fifa13
4,2647,fifa13
7,2647,fifa13
6,2648,fifa13
10,2648,fifa13
1,2649,fifa13
0,2649,fifa13
8,2650,fifa13
12,2651,fifa13
13,2651,fifa13
3,2652,fifa13
4,2652,fifa13
2,2652,fifa13
7,2652,fifa13
5,2653,fifa13
7,2653,fifa13
2,2653,fifa13
9,2654,fifa13
11,2654,fifa13
0,2655,fifa13
1,2655,fifa13
5,2655,fifa13
7,2656,fifa13
6,2656,fifa13
1,2657,fifa13
2,2657,fifa13
11,2658,fifa13
6,2658,fifa13
8,2659,fifa13
9,2660,fifa13
4,2661,fifa13
5,2661,fifa13
1,2661,fifa13
3,2661,fifa13
12,2662,fifa13
4,2662,fifa13
9,2663,fifa13
11,2663,fifa13
6,2664,fifa13
10,2664,fifa13
5,2664,fifa13
9,2665,fifa13
8,2666,fifa13
6,2667,fifa13
10,2667,fifa13
7,2668,fifa13
0,2668,fifa13
9,2669,fifa13
9,2670,fifa13
1,2671,fifa13
1,2672,fifa13
0,2672,fifa13
1,2673,fifa13
0,2673,fifa13
5,2674,fifa13
4,2674,fifa13
9,2675,fifa13
6,2676,fifa13
10,2676,fifa13
7,2676,fifa13
1,2677,fifa13
5,2677,fifa13
0,2677,fifa13
8,2678,fifa13
9,2679,fifa13
1,2680,fifa13
8,2681,fifa13
8,2682,fifa13
3,2683,fifa13
6,2684,fifa13
7,2684,fifa13
0,2684,fifa13
10,2684,fifa13
5,2685,fifa13
6,2685,fifa13
10,2685,fifa13
4,2685,fifa13
7,2686,fifa13
5,2686,fifa13
4,2686,fifa13
6,2686,fifa13
7,2687,fifa13
0,2687,fifa13
4,2688,fifa13
5,2688,fifa13
7,2688,fifa13
0,2688,fifa13
12,2689,fifa13
9,2689,fifa13
9,2690,fifa13
12,2690,fifa13
12,2691,fifa13
12,2692,fifa13
9,2692,fifa13
10,2692,fifa13
2,2693,fifa13
7,2693,fifa13
3,2693,fifa13
10,2694,fifa13
8,2695,fifa13
7,2696,fifa13
4,2696,fifa13
0,2696,fifa13
8,2697,fifa13
1,2698,fifa13
9,2699,fifa13
9,2700,fifa13
9,2701,fifa13
10,2701,fifa13
11,2701,fifa13
7,2702,fifa13
5,2702,fifa13
2,2703,fifa13
5,2703,fifa13
9,2704,fifa13
4,2705,fifa13
0,2705,fifa13
10,2706,fifa13
6,2706,fifa13
11,2707,fifa13
5,2708,fifa13
4,2708,fifa13
10,2709,fifa13
6,2709,fifa13
1,2710,fifa13
7,2711,fifa13
3,2711,fifa13
0,2711,fifa13
6,2712,fifa13
10,2712,fifa13
9,2713,fifa13
1,2714,fifa13
10,2715,fifa13
6,2715,fifa13
1,2716,fifa13
2,2716,fifa13
5,2717,fifa13
2,2717,fifa13
0,2717,fifa13
7,2717,fifa13
9,2718,fifa13
9,2719,fifa13
1,2720,fifa13
10,2721,fifa13
6,2721,fifa13
10,2722,fifa13
11,2722,fifa13
8,2723,fifa13
9,2724,fifa13
5,2725,fifa13
4,2725,fifa13
7,2725,fifa13
8,2726,fifa13
9,2727,fifa13
9,2728,fifa13
4,2729,fifa13
7,2729,fifa13
5,2729,fifa13
11,2730,fifa13
9,2730,fifa13
1,2731,fifa13
4,2731,fifa13
6,2732,fifa13
4,2732,fifa13
7,2732,fifa13
12,2733,fifa13
4,2733,fifa13
6,2734,fifa13
2,2735,fifa13
3,2735,fifa13
0,2735,fifa13
6,2736,fifa13
10,2736,fifa13
5,2737,fifa13
4,2737,fifa13
2,2737,fifa13
8,2738,fifa13
1,2739,fifa13
0,2739,fifa13
7,2740,fifa13
1,2740,fifa13
9,2741,fifa13
11,2741,fifa13
1,2742,fifa13
7,2742,fifa13
8,2743,fifa13
1,2744,fifa13
9,2745,fifa13
11,2746,fifa13
5,2746,fifa13
12,2746,fifa13
10,2746,fifa13
9,2747,fifa13
10,2747,fifa13
11,2748,fifa13
12,2748,fifa13
1,2749,fifa13
0,2749,fifa13
9,2750,fifa13
10,2750,fifa13
6,2750,fifa13
9,2751,fifa13
10,2751,fifa13
1,2752,fifa13
3,2752,fifa13
2,2752,fifa13
0,2752,fifa13
11,2753,fifa13
4,2754,fifa13
10,2755,fifa13
6,2755,fifa13
4,2755,fifa13
4,2756,fifa13
6,2756,fifa13
12,2756,fifa13
5,2756,fifa13
8,2757,fifa13
9,2758,fifa13
7,2759,fifa13
10,2759,fifa13
6,2760,fifa13
10,2760,fifa13
4,2760,fifa13
7,2760,fifa13
2,2761,fifa13
3,2761,fifa13
1,2761,fifa13
5,2761,fifa13
12,2762,fifa13
1,2763,fifa13
13,2764,fifa13
9,2764,fifa13
5,2764,fifa13
1,2765,fifa13
7,2765,fifa13
12,2766,fifa13
6,2766,fifa13
10,2766,fifa13
1,2767,fifa13
2,2767,fifa13
0,2767,fifa13
1,2768,fifa13
10,2769,fifa13
1,2770,fifa13
4,2770,fifa13
5,2770,fifa13
12,2771,fifa13
11,2772,fifa13
10,2772,fifa13
6,2772,fifa13
9,2772,fifa13
6,2773,fifa13
7,2773,fifa13
5,2773,fifa13
4,2774,fifa13
5,2774,fifa13
6,2774,fifa13
7,2774,fifa13
4,2775,fifa13
7,2775,fifa13
5,2775,fifa13
1,2776,fifa13
7,2776,fifa13
9,2777,fifa13
10,2778,fifa13
11,2779,fifa13
6,2780,fifa13
10,2780,fifa13
7,2780,fifa13
8,2781,fifa13
11,2782,fifa13
5,2782,fifa13
6,2783,fifa13
5,2784,fifa13
2,2784,fifa13
1,2785,fifa13
0,2785,fifa13
11,2786,fifa13
9,2786,fifa13
12,2787,fifa13
1,2788,fifa13
0,2788,fifa13
1,2789,fifa13
2,2789,fifa13
3,2789,fifa13
10,2790,fifa13
6,2790,fifa13
9,2791,fifa13
9,2792,fifa13
7,2793,fifa13
0,2793,fifa13
3,2793,fifa13
6,2794,fifa13
10,2794,fifa13
1,2795,fifa13
0,2795,fifa13
1,2796,fifa13
7,2797,fifa13
2,2797,fifa13
3,2797,fifa13
7,2798,fifa13
6,2798,fifa13
0,2798,fifa13
3,2798,fifa13
10,2799,fifa13
6,2799,fifa13
5,2799,fifa13
6,2800,fifa13
4,2800,fifa13
10,2800,fifa13
4,2801,fifa13
12,2802,fifa13
4,2802,fifa13
12,2803,fifa13
2,2804,fifa13
3,2804,fifa13
1,2805,fifa13
0,2805,fifa13
6,2806,fifa13
10,2806,fifa13
7,2806,fifa13
5,2806,fifa13
8,2807,fifa13
12,2808,fifa13
6,2809,fifa13
10,2809,fifa13
4,2810,fifa13
0,2810,fifa13
1,2811,fifa13
6,2812,fifa13
7,2812,fifa13
0,2812,fifa13
4,2812,fifa13
9,2813,fifa13
1,2814,fifa13
6,2815,fifa13
7,2815,fifa13
6,2816,fifa13
2,2817,fifa13
3,2817,fifa13
12,2818,fifa13
9,2819,fifa13
0,2820,fifa13
4,2820,fifa13
3,2820,fifa13
7,2820,fifa13
6,2821,fifa13
10,2821,fifa13
11,2822,fifa13
9,2823,fifa13
10,2824,fifa13
6,2824,fifa13
9,2824,fifa13
10,2825,fifa13
6,2825,fifa13
9,2825,fifa13
5,2825,fifa13
5,2826,fifa13
11,2826,fifa13
12,2826,fifa13
8,2827,fifa13
3,2828,fifa13
1,2828,fifa13
3,2828,fifa13
10,2829,fifa13
6,2829,fifa13
1,2830,fifa13
1,2831,fifa13
10,2832,fifa13
6,2832,fifa13
9,2833,fifa13
12,2833,fifa13
12,2834,fifa13
4,2834,fifa13
10,2834,fifa13
10,2835,fifa13
6,2835,fifa13
1,2836,fifa13
1,2837,fifa13
6,2838,fifa13
5,2839,fifa13
7,2839,fifa13
4,2839,fifa13
2,2839,fifa13
7,2840,fifa13
5,2840,fifa13
0,2840,fifa13
6,2840,fifa13
8,2841,fifa13
4,2842,fifa13
11,2842,fifa13
12,2842,fifa13
5,2842,fifa13
1,2843,fifa13
11,2844,fifa13
10,2845,fifa13
6,2845,fifa13
4,2846,fifa13
6,2846,fifa13
3,2846,fifa13
12,2847,fifa13
8,2848,fifa13
9,2849,fifa13
12,2849,fifa13
9,2850,fifa13
12,2851,fifa13
4,2851,fifa13
8,2852,fifa13
8,2853,fifa13
11,2854,fifa13
12,2854,fifa13
10,2855,fifa13
6,2855,fifa13
10,2856,fifa13
6,2856,fifa13
1,2857,fifa13
0,2857,fifa13
5,2858,fifa13
10,2859,fifa13
9,2859,fifa13
6,2859,fifa13
4,2860,fifa13
5,2860,fifa13
8,2861,fifa13
9,2862,fifa13
12,2863,fifa13
10,2863,fifa13
13,2863,fifa13
7,2864,fifa13
0,2864,fifa13
4,2864,fifa13
1,2864,fifa13
7,2865,fifa13
6,2865,fifa13
11,2866,fifa13
12,2866,fifa13
9,2867,fifa13
2,2868,fifa13
1,2868,fifa13
1,2869,fifa13
0,2869,fifa13
7,2869,fifa13
3,2869,fifa13
1,2870,fifa13
0,2870,fifa13
2,2870,fifa13
3,2870,fifa13
5,2871,fifa13
6,2871,fifa13
4,2871,fifa13
7,2871,fifa13
8,2872,fifa13
4,2873,fifa13
5,2873,fifa13
12,2873,fifa13
11,2874,fifa13
12,2874,fifa13
13,2874,fifa13
13,2874,fifa13
6,2875,fifa13
10,2875,fifa13
5,2875,fifa13
9,2876,fifa13
9,2877,fifa13
12,2878,fifa13
9,2879,fifa13
11,2879,fifa13
13,2879,fifa13
12,2880,fifa13
4,2880,fifa13
4,2881,fifa13
7,2881,fifa13
3,2881,fifa13
2,2881,fifa13
1,2882,fifa13
2,2882,fifa13
12,2883,fifa13
4,2883,fifa13
3,2883,fifa13
1,2884,fifa13
3,2884,fifa13
7,2885,fifa13
0,2885,fifa13
1,2886,fifa13
0,2886,fifa13
9,2887,fifa13
11,2887,fifa13
9,2888,fifa13
12,2888,fifa13
10,2889,fifa13
6,2889,fifa13
9,2889,fifa13
12,2889,fifa13
9,2890,fifa13
12,2890,fifa13
10,2890,fifa13
8,2891,fifa13
1,2892,fifa13
0,2893,fifa13
2,2893,fifa13
7,2893,fifa13
1,2894,fifa13
0,2894,fifa13
10,2895,fifa13
6,2895,fifa13
12,2896,fifa13
10,2897,fifa13
9,2897,fifa13
6,2898,fifa13
7,2898,fifa13
10,2899,fifa13
12,2899,fifa13
7,2899,fifa13
9,2899,fifa13
10,2900,fifa13
6,2900,fifa13
8,2901,fifa13
8,2902,fifa13
5,2903,fifa13
9,2904,fifa13
10,2904,fifa13
9,2905,fifa13
9,2906,fifa13
10,2906,fifa13
11,2907,fifa13
10,2907,fifa13
12,2907,fifa13
6,2908,fifa13
10,2908,fifa13
9,2909,fifa13
10,2909,fifa13
8,2910,fifa13
10,2911,fifa13
6,2911,fifa13
10,2912,fifa13
9,2912,fifa13
3,2913,fifa13
2,2913,fifa13
1,2914,fifa13
4,2914,fifa13
10,2915,fifa13
6,2915,fifa13
9,2916,fifa13
10,2917,fifa13
6,2917,fifa13
11,2917,fifa13
12,2918,fifa13
4,2918,fifa13
11,2919,fifa13
12,2919,fifa13
4,2919,fifa13
5,2919,fifa13
12,2920,fifa13
9,2921,fifa13
6,2921,fifa13
10,2921,fifa13
8,2922,fifa13
9,2923,fifa13
3,2924,fifa13
0,2924,fifa13
7,2924,fifa13
1,2924,fifa13
4,2925,fifa13
6,2925,fifa13
8,2926,fifa13
5,2927,fifa13
7,2927,fifa13
0,2927,fifa13
1,2928,fifa13
2,2929,fifa13
7,2929,fifa13
6,2929,fifa13
6,2930,fifa13
12,2931,fifa13
9,2931,fifa13
3,2931,fifa13
9,2932,fifa13
8,2933,fifa13
5,2934,fifa13
4,2934,fifa13
3,2935,fifa13
4,2935,fifa13
2,2935,fifa13
1,2935,fifa13
12,2936,fifa13
4,2936,fifa13
12,2937,fifa13
0,2938,fifa13
3,2938,fifa13
2,2938,fifa13
7,2939,fifa13
1,2940,fifa13
3,2940,fifa13
6,2941,fifa13
10,2941,fifa13
5,2941,fifa13
10,2942,fifa13
6,2942,fifa13
5,2942,fifa13
6,2943,fifa13
10,2943,fifa13
7,2944,fifa13
1,2945,fifa13
5,2945,fifa13
12,2946,fifa13
4,2946,fifa13
5,2947,fifa13
8,2948,fifa13
9,2949,fifa13
7,2950,fifa13
6,2950,fifa13
10,2950,fifa13
5,2951,fifa13
10,2952,fifa13
6,2952,fifa13
9,2953,fifa13
12,2954,fifa13
12,2955,fifa13
4,2955,fifa13
4,2956,fifa13
12,2956,fifa13
7,2957,fifa13
5,2957,fifa13
10,2958,fifa13
6,2958,fifa13
8,2959,fifa13
9,2960,fifa13
12,2960,fifa13
9,2961,fifa13
11,2961,fifa13
3,2962,fifa13
2,2962,fifa13
4,2963,fifa13
3,2963,fifa13
6,2964,fifa13
7,2964,fifa13
8,2965,fifa13
6,2966,fifa13
10,2966,fifa13
7,2966,fifa13
9,2967,fifa13
1,2968,fifa13
0,2968,fifa13
3,2968,fifa13
2,2968,fifa13
8,2969,fifa13
1,2970,fifa13
0,2970,fifa13
6,2971,fifa13
10,2971,fifa13
0,2972,fifa13
1,2972,fifa13
7,2972,fifa13
3,2972,fifa13
10,2973,fifa13
6,2973,fifa13
11,2973,fifa13
6,2974,fifa13
7,2974,fifa13
10,2974,fifa13
12,2975,fifa13
1,2976,fifa13
11,2977,fifa13
9,2977,fifa13
10,2977,fifa13
1,2978,fifa13
12,2979,fifa13
9,2979,fifa13
1,2980,fifa13
11,2981,fifa13
5,2981,fifa13
12,2982,fifa13
13,2982,fifa13
12,2983,fifa13
9,2983,fifa13
7,2984,fifa13
0,2984,fifa13
3,2984,fifa13
4,2984,fifa13
8,2985,fifa13
6,2986,fifa13
10,2986,fifa13
6,2987,fifa13
10,2987,fifa13
7,2987,fifa13
6,2988,fifa13
5,2988,fifa13
10,2989,fifa13
7,2990,fifa13
6,2990,fifa13
3,2990,fifa13
0,2991,fifa13
1,2991,fifa13
5,2991,fifa13
4,2992,fifa13
12,2992,fifa13
3,2992,fifa13
2,2993,fifa13
3,2993,fifa13
8,2994,fifa13
1,2995,fifa13
9,2996,fifa13
11,2996,fifa13
10,2997,fifa13
4,2997,fifa13
6,2997,fifa13
5,2997,fifa13
8,2998,fifa13
1,2999,fifa13
0,2999,fifa13
